Consignatario,id
AFTON CHEMICAL CORP,0
INTERMEDIATE SWITCH,1
TOTAL SPECIALTIES USA,2
HOLLYFREFMAR,3
MHBA CB LLLP,4
INEOS USA LLC,5
VALERO MARKETING & SUPPLY CO,6
CALUMET REFINING LLC,7
THE DOW CHEMICAL CO,8
OXEA CORP,9
FERROSUR,10
FERROCARRIL MEXICANO SA DE CV.,11
FORD MOTOR COMPANY S.A DE C.V,12
CEMEX S A B DE C V,13
AGENT,14
CORRUGADOS Y ALAMBRONES,15
DEACERO SA DE CV,16
CEMEX MEXICO SA DE CV,17
CEMEX MEXICO,18
ACEROS CAMESA SA DE CV,19
ANTONIO SAEN,20
JBS USA LLC,21
PEMEX LOGISTICA,22
SABCVCEMEX,23
,24
TERNIUM MEXICO GUERRERO,25
AUDI,26
VOLKSWAGEN DE MEXICO SA DE CV,27
FORD MOTOR COMPANY SA DE CV,28
RAMPAKCSMPAN,29
PROCTER GAMBLE DE MEXICO S DE RL DE,30
OWEAMERIC/QR,31
OWENS AMERICA S DE RL DE CV,32
ALMIDONES MEXICANOS SA DE CV,33
"FERROSUR, S.A. DE C.V.",34
DEACERO S.A.P.I. DE C.V.,35
TFVM / TRANSITO,36
TFVM / DESADUANIZADO,37
DAK RESINAS AMERICAS MEXICO SA DE C,38
GRUPO BEREDALI SA DE CV,39
MEXICHRESVIN,40
BODEGA DE GRANOS EL ALAZAN Y EL ROC,41
ENVASES Y LAMINADOS SA DE CV,42
SERVICARGO S A DE C V,43
ALMACENADORA MERCADER SA,44
KIMBERLY CLARK DE MEXICO SAB DE CV,45
INDUSTRIAS COSAL SA DE CV,46
CHEMTEX INTERNACIONAL DE MEX,47
ALMACENADORA DE DEPOSITO MODERNO SA,48
FABRICA DE JABON LA CORONA SA DE CV,49
EXXONMOBIL OIL MEXICO SA DE CV,50
FORTACERO SA DE CV,51
KCSMINFRA,52
RCTIDEMEXSDE,53
KCSMDISTRING,54
TERNIUMEXLAR,55
BIOPAPPELSAB,56
POLAQUIMIA DE TLAXCALA SA DE SV,57
PETROQMEXDEV,58
COVESTRO SA DE CV,59
CONSORCIO MINERO BENITO,60
SILICESANJUA,61
CEMOC SERVICIOS ESPECIALIZAD,62
BRASKEM IDESA SAPI,63
EASTMACHETEX,64
CEMENTOS APASCO SA DE CV,65
TA 2000 SA DE CV,66
BULKMATIC DE MEXICO S DE RL DE CV,67
"MAGNELEC, S.A. DE C.V.",68
MARCOSMANPAL,69
"FABRICA DE JABON LA CORONA,S.A",70
SAL ELEFANTE SA DE CV,71
OMYAMEXICSAD,72
COMPLEPETCAN,73
VOLKSWAGEN,74
TFVM,75
FORMOTOR/CUA,76
AGENTKCSM,77
INGREDION MEXICO SA DE CV,78
"ARROCERA DEL BAJIO,S.A. DE C.V",79
CEMOC SERVICIOS ESPECIALIZADOS,80
SILOS TYSA S.A. DE C.V.,81
"HARINERA LA ESPIGA,S.A. DE C.V",82
SILOS TYSA,83
BETA SAN MIGUEL SA DE CV,84
BNSF,85
UNION PACIFI,86
TERNIUM MEXICO SA DE CV,87
INEOS STYROLUTION MEXICANA,88
FABRICA DE CUADERNOS REPPASA SA DE,89
SILICATOS Y DERIVADOS SA,90
QUIMIR LECHERIA,91
PANASONIC DE MEXICO SA DE CV,92
ENVASES MULTIPAC SA DE CV,93
ROMEL SERVICES,94
FERROCARRIL Y TERMINAL DEL V,95
QUIMIR TULTITLAN,96
OWENS CORNING MEXICO S DE RL DECV,97
UNIVAR DE MEXICO SA DE CV,98
YSRLCEBADA,99
PEMEXREFINAC,100
"DEACERO, S.A. DE C.V.",101
FABRICA DE JABON LA CORONA,102
BODEGA DE GRANOS EL ALAZAN,103
INDUSTRIA VIDRIERA DE TIERRA,104
"QUIMICA DEL REY, S.A. DE C.V",105
INDUSTRIA DECORADORA DE ENVA,106
KOPRIMO,107
SAINT GOBAIN MEXICO SA DE DV,108
ATTEBURY GROUP S DE RL DE CV,109
ACEROS DONDISCH SA DE CV,110
SILICATOS ESPECIALES SA DE CV,111
MEXICHEM S A DE C V,112
VOLKSWDEMEXI,113
DELIVERY SWITCH,114
COMPANCERDEL,115
CORRUGADOS Y ALAMBRONES DE MEXICO S,116
ACABADOS DE PAPELES SATINADOS Y ABS,117
FERROSUR S.A,118
INNOPHOS MEXICANA S.A. DE C.V.,119
SVM ARGUS FACILITY,120
ARTEVA SPECIALTIES S RL CV,121
QUIMIR S.A. DE C.V.,122
CARGILL DE MEXICO SA DE CV,123
DEACEROSA/PU,124
DEACERO SAPI DE CV,125
HARINERA TLALNEPANTLA SA DE CV,126
"FLAGASA,S.A. DE C.V.",127
IQUISA SANTA CLARA S.A.DE C.V.,128
THE CHEMOURS COMPANY MEXICO,129
NUEVA FABRICA NACIONAL DE VIDR,130
AGUTRAVAL/ST,131
DUPONT MEXICO SA DE CV,132
VIDRIERA INDUSTRIAL DEL POTOSI,133
MERCANTA. S.A. DE C.V.,134
PROCTER & GAMBLE DE MEXICO S D,135
GUARDIAN INDUSTRIES VP S DE RL,136
DURO HILEX POLY LLC,137
SAINT GOBAIN GYPSUM SA DE CV,138
AMERICAS STYRENICS DE MEXICO,139
AUDIMEXICSAD,140
FERROSUR SA DE CV,141
PROMOTORA INDUSTRIAL AZUCARERA,142
FERROSUR S.A. DE C.V.,143
MATERIAS PRIMAS MONTERREY SR,144
MATERIAS PRIMAS MONTERREY SA,145
FUNDICIONES DE ACERO ESTRUCT,146
NUEVA FABRICA NACIONAL VIDRI,147
LOGISTICA INTERNACIONAL DE MER,148
CIA NACIONAL ALMACENADORA SA,149
AGROGEN SA DE CV,150
FERTIREY SA DE CV,151
BULMEXSA/TUL,152
CHEVRON PHIL,153
MOLINOS VASCOS SA DE CV,154
HARINERA ANAHUAC SA DE CV,155
FABRICA DE HARINAS ELIZONDO SA DE C,156
INDUSTQUIDEL,157
QUIMIR,158
TECAMAC ULTRA PLUS,159
INMOTOOL SA DE CV,160
COMPLEJO PETROQUIMICO MORELO,161
GRUPO TRIMEX,162
CORPORACION ADUANERA NORIEGA SC,163
PQLOGISTICS,164
PETROQCANGRE,165
TERMINAL CARGA INTERMODAL II,166
INTERMODAL MEXICO SA DE CV,167
MINSA SA DE CV,168
INDUSTRIAL ACEITERA SA DE CV,169
COMERCIALIZADORA COPAMEX,170
BACHOCO,171
ALMACENADORA SUR SA,172
PLESA ANAHUAC Y CIAS SA CV,173
CORRUGADOS Y FIBRAS SA DE CV,174
CENTRO AGROINDUSTRIAL SA DE,175
FAB DE JABON LA CORONA,176
PEROXIQUIMICOS SA DE CV,177
AS MAQUILA MEXICO S DE RL,178
GRUPO COLLADO SA DE CV,179
COMERCIALIZADORA DE GRANOS PAT,180
COMDGRAPA/EC,181
LOGISTICA INTEGRAL EN TRANSP.,182
"INGREDION MEXICO, SA DE CV",183
BIO PAPPEL SAB DE CV,184
KATOEN NATIE MEXICANA SA DE CV,185
CEMENTOS MOCTEZUMA,186
CIA CERVECERA DEL TROPICO,187
AMBACCIONAPO,188
MAKYMAT,189
POCHTECA PAPEL SA DE CV,190
MUNSA MOLINOS SA DE CV,191
CEMENTMOCTEZ,192
PROMOTORA INDUSTRIAL AZUCARE,193
ING FRANCISCO HUMBERTO ALATO,194
DAK RESINAS AMERICAS MEXICO,195
COMPANIA NACIONAL ALMACENADO,196
INNOPHMEXICA,197
OLEOFINOS SA DE CV,198
FABRICA DE JABON LA CORONA S,199
BACHOCO SA DE CV,200
INTERNACIONAL FAPAK,201
PANCHINTERNACIONAL SA DE CV,202
CORPORACION PORTUARIA DE VER,203
MOLINO HARINERO SAN BLAS SA,204
COMPLEJO PETROQUIMICO COSOLE,205
ALMACENADORA MERCADER SA CV,206
VIDINDPOT,207
HUMBERTO MARRUFO LOPEZ INTEGRA,208
AGFXE,209
MEXPROUD SHIPPING SA DE CV,210
"CONSERVAS LA COSTE#A, SA DE CV",211
NAD INTERNATIONAL SA DE CV,212
CONSERVAS LA COSTENA,213
INDUSTRIAL ACEITERA,214
CARGILL DE MEXICO,215
PETROQMEXVIN,216
RAILPORT SA DE CV,217
CERVECERIA MODELO,218
ALMACENAJES Y MANIOBRAS INTEGRALES,219
GENERAL PRODUCTS S.A.C.V.,220
FERROMEX/SD,221
INTERNACIONAL DE CONTENEDORES,222
GRUPO CONTRI SA DE CV,223
"CEMENTOS APASCO,S.A. DE C.V.",224
OSTERMAN PLASTICS DE MEXICO,225
KADOSA INTERNATIONAL,226
MEXICAN COMMODITIES,227
GUNDERSON CONCARRIL SA DE CV,228
EASTMAN CHEMICAL,229
BIOPAPPEL PRINTING,230
PRODUCTOS CHEVRON MEXICO S DE RL DE,231
SCHETTINO HERMANOS S DE RL DE CV,232
CHEMTEX GLOBAL,233
LUB LINE DE MEXICO SA DE CV,234
CHEVRON PHILLIPS CHEMICALS SA DE CV,235
HECTOR A. PULIDO GARCIA,236
ING. MANUEL DE JESUS PEREZ CAM,237
COMPANIA CERVECERA DEL TROPI,238
DISAN MEXICO SA DE CV,239
SMURFIT CARTON Y PAP DE MEX CCG,240
EMPACADORA DE SEMILLAS ZARAGOZA SAD,241
ENERGETICOS FUSION S.A.DE C.V.,242
KIMBERLY CLARK DE MEXICO,243
FERROSUR/STO,244
PETROQCOSOLE,245
FORD MOTOR,246
TEREFTMEXSAD,247
ROHM AND HAAS MEXICO S DE,248
M. HOLLAND LATINOAMERICA,249
"FINE PACKAGING, S.A. DE C.V.",250
DISTRIB DE SEMILLAS Y CHILES SECOSE,251
LA COSMOPOLITANA SA DE CV,252
BIO PAPPEL PRINTING SA DE CV,253
EXXONMOBIL CHEMICAL CO,254
KANSAS CITY SOUTHERN RAILWAY CO,255
EXXONMOBIL CORP,256
COMPANNACALM,257
PEMEX PETROQUIMICA,258
ITISA,259
FORD MOTOR DYNATECH,260
CEMEX S A B,261
IQUISA/IAL,262
PEMEX REFINACION,263
MERCANTIL AGRICOLA DELICIAS SA,264
TA 2000 SA D,265
BARTLETT Y COMPANIA DE MEXIC,266
ENERGY TRANSPORT SOLUTIONS HARRY SA,267
COOPERTSMIME,268
ING ROLANDO CASTELLANOS,269
MARCOSPALMON,270
MARCOSMPALAC,271
BATLINER PAPER STOCK CO,272
POLIOLES SA CV,273
AGROSILOS DE LA REGION SPR DE,274
"DISTRIBUIDORA DE GRANOS,S.A.DE",275
OMYA MEXICO,276
PIONEER INDUSTRIES INTERNATIONAL IN,277
DARLING INGREDIENTS,278
CHEVRON PHILLIPS CHEMICAL COMPANY L,279
ALMACENADORA MERCADER,280
SURFAMEX S.A. DE C.V.,281
ROHM & HAAS TEXAS INC,282
GRUPO CORPORATIVO PAPELERA SA DE C,283
BIO PAPPEL SA DE CV,284
LEGUMINOSAS SECAS DE MEXICO SA DE C,285
DOW INTERNACIONAL MEXICANA,286
ATLANTA QUIMICA,287
CONSORCIO DISTRIBUIDOR QUIMICO,288
POLIMEROS MEXICANOS S A DE C V,289
DOW INTERNACIONAL MEXICANA SA DE CV,290
MEXALIT INDUSTRIAL S A DE C V,291
CHANNEL PRIME ALLIANCE DE MEXICO,292
USG MEXICO SA DE CV,293
CENTRAL NATIONAL DE MEXICO DE CV,294
JAMES FARRELL MEXICO S DE RL DE CV,295
SURTIDORA ABARROTERA SA CV,296
ABASTOS GARCIA SA DE CV,297
INDUSTRIAL DE ACERO VILSA SA DE CV,298
IMPORTADORA EXPORTADORA DORSALVA SA,299
TA-2000 SA DE CV,300
INTEGROW MAL,301
DARLING INGREDIENTS INC,302
CONTRIMODAL PLANTA II,303
CEMENTOS MOCTEZUMA SA DE CV,304
VOLKSAGEN,305
GRAIN LOADING BROWNSVILLE,306
SOUTHWIOWREN,307
AGUAS TRATADAS DEL VALLE DE ME,308
BIO PAPPEL SCRIBE S.A. DE C.V.,309
SERVICARGO SA DE CV,310
MMARCOSMANPA,311
MOLINOS VASCOS S.A. DE C.V.,312
"FABRICA DE HARINAS ELIZONDO,S.",313
"HARINERA ANAHUAC, S.A. DE C.V.",314
KADOSA INTERNACIONAL SA DE CV,315
BIO PAPPEL S.A.B DE C.V.,316
Q-LOGISTICS S DE RL DE CV,317
TRANSILMEX INC SA DE CV,318
FR TERMINALES S.A. DE C.V.,319
AGENTE ADUANAL CASTANEDA GUERRERO S,320
OMYA MEXICO S.A. DE C.V.,321
FERROMEX,322
GRUPO CABEZUT DEL NORTE S.A. D,323
BIO PAPPEL S.A.B. DE C.V.,324
HONDA DE MEXICO SA DE CV,325
PCS PHOSPHATE,326
M AND G POLIM MEXICO,327
PCS PHOSPHAT,328
COVESTRO LLC,329
HYDRITE CHEMICAL CO,330
BASF,331
ACEITES Y JABONES,332
DISTRIBUCION Y SERVICIOS LOG,333
ALVEG DISTRIBUCION QUIMICA,334
PRODUCTOS QUIMICOS LAMADRID,335
AGMOTION,336
GLOBAL FOREST SA DE CV,337
MOVIL CONT.C/O COL DUCHE SA,338
LA CASTELLANA,339
SABORMEX SA DE CV,340
SMURFIT CARTON Y PAPEL DE MEXICO SA,341
FIRSTAR FIBER,342
NATIONAL FIBER SUPLLY CO,343
SPINKS CLAY HC,344
"ACEROS CAMESA, S.A. DE C.V.",345
DEACERSAP/RI,346
INTERNATIONAL PAPER COMPANY,347
ROTOPLAS SA DE CV,348
BULKMATIC DE MEXICO SA DE CV,349
BULKMATIC DE MEXICO SA DE CV.,350
TRANSPOLIMER SA DE CV,351
VOLKSWAGEN OF AMERICA INC,352
SSA MEXCIO SA DE CV,353
KCSMDISTRQUE,354
RAMPAKCSMQUE,355
COMPLEPETMOR,356
HARINERA LOS PIRINEOS SA DE CV,357
CONTROLADORA DE TERMINALES MEX,358
CAF MEXICO SA DE CV,359
BRASKEIDESAP,360
DELEK REFINING LTD,361
AGEKCSM/NLA,362
KIMBERCLADEM,363
MEXICHDERIVA,364
"MOLINERA DE MEXICO, SA DE CV",365
SAKXIM SA DE CV.,366
PRODUCTOS AVICOLAS EL CALVARIO SA D,367
ALMACENES Y MANIOBRAS INTEGR,368
DEACEROSADEC,369
UNION PACIFIC RAILROAD COMPANY INC,370
EASTMACHEM,371
NOVACHEM,372
AGFSRR/PAN,373
COMERCIAL MEXICANA DE PINTURAS SA D,374
VINMAR PLASTICHEM S DE RL DE C V,375
TLM OPTIMIZACION Y SERVICIOS SA DE,376
AMERICAS STYRENICS DE MEXICO S DE,377
RASSINI FRENOS,378
DOW QUIMICA MEXICANA SA DE,379
VINMAR PLASTICHEM S DE RL DE CV,380
CALUMET PENRECO,381
FRTERMINASAD,382
TWIN EAGLE MIDSTREAM LLC,383
COMPANIA CERVECERA DE ZACATECA,384
CERVECERIA MODELO DE GUADALAJA,385
DEACEROSA/LE,386
LYONDELL CHEMICAL CO,387
"LAS ENCINAS, S.A. DE C.V.",388
UNIMINCO/GLE,389
MEXRESVIN/F,390
BIOPAPPELPRI,391
CEMENT APASCO,392
MEXICHEM DERIVADOS S.A. DE C.V,393
UNILEVER MANUFACTURERA S DE RL DE C,394
DOW INTERNACIONAL MEXICANA SA,395
JOSE A. GRANADOS PINEDA,396
REPUBLIC STEEL,397
SPINKS CLAY,398
HECPULGAR/PA,399
KANCITMEX/EC,400
PQ SERVICIOS LOGISTICOS S DE R,401
VIDRIO FORMAS,402
VINMAR INTERNATIONAL LTD,403
LONGHORN POLYMERS LTD,404
OXEA CORP / FR TERMINALES SA DE CV,405
KOPRIMO SA,406
POCHTECA MATERIAS PRIMAS SA DE CV,407
FOOD PROTEINS CORPORATION SA DE CV,408
APMTERMINLAZ,409
INDORAMA VEN,410
OCCIDECHECOR,411
ABCGULFCOAST,412
DOW CHEMICAL,413
TEXMARK CHEMICALS INC,414
UNION CARBIDE CORP,415
HUNTSMAN PETROCHEMICAL LLC,416
NUCOR STEEL,417
FERNANDEZ HINOJOSA Y CIA SC,418
"EDITORIAL SANTILLANA, S.A. DE C.V.",419
BODEGA DE GRANOS EL ALAZAN Y EL,420
SILOS TYSA SA DE CV,421
INGENIO DE PUGA SA,422
CHANNEL PRIME ALLIANCE,423
EMPACADORA EL FRESNO SA DE CV,424
NUEVA FABRICA NACIONAL DE VIDRIO SA,425
MADERAS Y PLASTICOS SA DE CV,426
"GRUPO CONTRI, S.A. DE C.V.",427
PEROXYCHEM MEXICO S DE RL DE CV,428
MUEHLSTEIN DE MEXICO,429
GULF ENERGY,430
VIVERES EL TRIUNFO SA DE CV,431
MERCANTIL PROABASTO SA DE CV,432
NATIONBEEPAC,433
RAMPAKCSMHPH,434
INNOPHMEXSDE,435
BLACKGOLD TRADING CORP,436
PETROQUIMICA MEXICANA DE VIN,437
CONSERVAS LA COSTENA SA DE C,438
"GRUPO TRIMEX, S.A. DE C.V.",439
CONTRIPLAII,440
TFVMDESADUAN,441
TFVMTRANSITO,442
PETROLEOS MEXICANOS,443
LALA MEXICO,444
FR TERMINALES SA DE CV,445
DELVERY SWTICH,446
S R L GRUPO CEL,447
CRUZ ROJA MEXICANA,448
ALMACEACCVAL SA DE CV,449
ENVASES UNIVERSALES DE MEXIC,450
AOC MEXICANA DE RESINAS,451
INDUSTRIAS REUNIDAS,452
CLARIANT,453
BIO PAPPEL S.A.B. DE C.V,454
ANTONIO SAENZ SAENZ,455
BUSCH AG RESOURCES FIBRE,456
MEXICHEM RESINAS VINILICAS S.A,457
A.A. MARIO PALOS GARZA,458
INDUSTRIAS DE DISEAºO EN POLIM,459
INTERCONTVER,460
PRI GROUP LLC,461
ALMACEACCCAM SA DE CV,462
BODEGADEGRAN,463
TERNIUM,464
TALLER ALSTOM,465
A.A. DESPACH,466
TA2000SA/SIL,467
POSSEHL MEXICO SA DE CV,468
CENTRAL MOLINERA LA MERCED SA DE CV,469
LUBYRECSA DE MEXICO SA DE CV,470
INSUMOS INTERNACIONALES GC SA DE CV,471
BULKMADEMEXI,472
COLOMBINE BEL SA DE CV,473
OIL & GAS EXPORT,474
GTM MEXICO PRODUCTS AND SERVICES SA,475
DAK RES AME MEX,476
COMERCIALIZADORA SUAREZ,477
RETER COMERCIALIZADORA DE PROD,478
"MEXICAN COMMODITIES, S.A. DE C",479
DARLING INGR,480
M. HOLLAND LATINOAMERICA S DE,481
DOW QUIMICA MEXICANA,482
KANSASCITSOU,483
ANTOLIN INTERIORS USA,484
INDUSTRIA QUIMICA DEL CENTRO,485
UNILEVER MANUFACTURERA,486
ALVEG DISTRIBUCION QUIMICA SA DE CV,487
FERROSURVER,488
LUCITE INTER,489
US SILICA CO,490
INGREDION IN,491
HARLAESPI/PA,492
DISTGRASA,493
FRTERMIN/ATE,494
SMURFIT CART Y PAP DE MEX SA,495
SANCHEZ Y MARTIN SA DE CV,496
INDUSTRIA QUIMICA DEL ISTMO,497
PRODUCTOS AGROPECUARIOS DE,498
CENTRO AGROINDUSTRIAL,499
ADM BIO PRODUCTOS S.A. DE C.,500
"LA CASTELLANA, SA DE CV",501
LOSPORTALESRCG SA DE CV,502
PLASTI ENVASES SA DE CV,503
ACEITES Y JABONES S A DE C V,504
ELOF HANSSON DE MEXICO SA DE CV,505
PLESA ANAHUAC SA DE CV,506
BIOPAPPRI/CE,507
MARCOSPALACI,508
LANXESS,509
ROHM & HAAS,510
ETHYL CORP,511
FLINT HILLS RESOURCES LP,512
POLIMEROS NACIONALES,513
BOD.DE GRAN.EL ALAZAN Y EL ROC,514
TERMINAL FERROVIARIA VALLE DE MEXIC,515
ORGANIZACION INTERMODAL DE TRANSVAS,516
INTERNATIONAL PAPER RECYCLIN,517
MCKINLEY PAPER CO,518
AGENT FXE,519
INTREPID POTASH-NEW MEXICO L,520
FORDMATORMTY,521
FERROSUR/CUT,522
"UNIVEX, S.A. DE C.V.",523
TYSON FRESH MEATS,524
GAVILON INGREDIENTS LLC,525
AGENTE ADUAN,526
ARCHER DANIE,527
ARCHER DANIELS MIDLAND,528
ARCDANMID/MA,529
SOUTH HAMPTO,530
BAMBERGER POLYMERS DE MEXICO,531
BIOPAPPELSCR,532
FERROCARRIL MEXICANO,533
TA2000SA/VER,534
POLIMEROS MEXICANOS SA,535
BRENLAND GUADALAJARA SA DE CV,536
INST. M.JIMENEZ KCSM,537
INST.M.JIMENEZ KCSM,538
GRUPO CELANESE S DE RL,539
FERRO MEXICANA,540
TA2000,541
AMB ACCION APODACA,542
MARCOSPALMON COLCHON,543
COLCHON,544
INDORAMA VENTURES POLYMERS MEX,545
KANCITMEX/LA,546
BRASKEM IDES,547
OXITENO MEXICO S.A. DE C.V.,548
PEMEXLOGISTI,549
LOSPORTALESRCG,550
INDUSTRIALIZADORA OLEOFINOS SA,551
INST. M.JIMENEZ KCSM.,552
TUBOS DE ACERO DE MEXICO SA,553
BIO PAPPEL SCRIBE SA DE CV,554
OPTIMIZACION LOGISTICA SA DE,555
ARTEVA/QRO,556
PYTSA INDUSTRIAL DE MEXICO SA DE CV,557
PEROXIQUIMICOS,558
AGENTE-KCSM,559
"MOLINO SAN ANDRES, SA DE CV",560
ALMACENADORA SUR SA DE CV,561
CEMEXMEXICO,562
AGRITRADING,563
TALLER EQ RODANTE DEL BAJIO,564
LOUISDRECOYO,565
SERVICIOS AGROPECUARIOS DE LA,566
TERMINDECARG,567
IMPORTACION Y DISTRIBUCION DE ALIME,568
FENO,569
"SILICATOS Y DERIVADOS, S.A. DE",570
KCSMDISTRDEF,571
OLD HICKORY CLAY,572
LYONDELL CHE,573
MORNING STAR,574
CARGILL/BOJ,575
CARLOGISTICS SA DE CV,576
QLOGISTIC/LJ,577
"ACEITES GRASAS Y DERIVADOS,S.A",578
HAPAG-LLOYD MEXICO S.A. DE C.V,579
HAPLLOMEX/VE,580
POLIMEYDERIV,581
MIDCONNAILS,582
MARCOSMANPAL COLCHON,583
BIO PAPPEL PRINTING S.A.B. DE,584
EMP.DE SEMILLAS ZARAGOZA SA CV,585
SURTIDORA ABARROTERA SA DE CV,586
INTERMMEXICO,587
FABRICJABCOR,588
AMPORTDEMEXI,589
QUIMICA DEL REY SA DE CV,590
JUAN LUIS GARCIA FUENTES,591
SEKISUI SPECIALTY CHEMICALS AMERICA,592
KCSM,593
ALMACEMERCAD,594
COMPANIA NAC,595
AGROSERVICIOS CASAS GRANDES,596
FERROCMEXICA,597
FERROSUR/VER,598
"FERROSUR, S.",599
KCSM OPERACI,600
LUCITE INTERNATIONAL INC,601
MOLINO HARIN,602
BASF MEXICANA SA DE CV,603
BURLINNORSAN,604
TERBSA,605
"FERROCARRIL MEXICANO, SA DE CV",606
DAK RESINAS,607
INDELPRO/ALT,608
PCS SALES US,609
AADELRIO/GUA,610
AGROSERVICIO,611
GRUPO DE ACO,612
BACHOCOSA/CH,613
COMERCIALIZADORA GABOR SA DE CV,614
CARGILLIMITE,615
FERROSSADECV,616
WHYTECLIFF,617
CDQ INTERNATIONAL,618
QUIMIR SA DE CV,619
MINEREX,620
THE COCA-COLA EXPORT,621
BRASKEIDESA,622
FCAJABCORON,623
IMPULSORA TLAXCALTECA DE IND,624
TRINSEO DE MEXICO S DE RL DE CV,625
ENVASES UNIVERSALES DE MEXICO SAPI,626
CEMENTOS APASCO,627
DEACEROSA/CE,628
ALVARADO COM,629
COMPANIA PROVEEDORA DE INGREDI,630
CALUMET DE MEXICO,631
GRUPO DE ACOPIADORES ALBA,632
ARTICULOS HIGIENICOS SA DE CV,633
CONSTRYPERIT,634
POLIMEMEXSAD,635
JB TECNICS MEXICO SA DE CV,636
EM POLYCHEM SA DE CV,637
GPCELLULOSEL,638
COMERCIAL ABARROTERA GUMEN SA,639
EMPACADORA LA MERCED,640
BAGSACK SA DE CV,641
EUCOMEX SA DE CV,642
JOVA GRANEROS SA DE CV,643
POLINACIO/SL,644
LUB LINE CORP,645
FERROCARRIL MEXICANO SA CV,646
GRAHAM PACKAGING PET TECHNOLOG,647
POLIMEROS SQ S DE RL DE CV,648
IMPORTEXPDOR,649
ARCELORMITTA,650
FABRICDEJAB,651
ARIEL ROBERTO ATIENZO CASTRO,652
DEACEROSA,653
ANDERSONS DENISON ETHANOL,654
CEMEXSAB/VIT,655
GREEN PLAINS HOLDINGS II LLC,656
KIMBERLY CLARK DE MEXICO SA DE,657
FERROMEXHUI,658
M&G POLIMEROS MEXICO SA DE CV,659
PLATECMEX/PC,660
INDUSTRIAS CAZEL,661
KCSMDISTRMON,662
MOVIL CONTEINER S.A. DE C.V,663
MOBCONSA/ECA,664
PLASTIC TECHNOLOGY DE MEXICO,665
OLAM WEST COAST INC,666
"BIO PAPPEL SCRIBE, S.A.DE C.V.",667
IDAPINE MILL,668
SMITHFIELD FARMLAND CORP,669
OLDHICCLA/MC,670
BLUE CUBE OPERATIONS LLC,671
MARIADELCARM,672
PROVISIONES SAMANO,673
PRODUCTORA DE FERTILIZANTES DE,674
AGENTE,675
TRAAUTOCH/SJ,676
DEACERO,677
ING. MANUEL DE JESUS PEREZ CAMEZ,678
BRANIFF DESPACHOS ADUANALES SA,679
NATURAL TRADE LTD,680
ING. JOSE ANTONIO GRANADOS PINEDA,681
POPCORCOUUSA,682
OXEA CORP / FR TERMINALES SA D,683
TERMINFERVAL,684
PHILLIPS 66,685
AQUAQUIM SA DE CV,686
COMPA A MEXICANA DE TUBOS,687
MANUFACTURERA DE ESPECIALIDADES IND,688
AGENTFSRR,689
TERMINAL TACUBA,690
AKTOPA LLC,691
GENERAMOTDEM,692
POSCOMPCSADE,693
AGENTE FXE,694
FLINT HILLS RESOURCES CORPUS,695
PHILLIPS 66 CO,696
ALMACENES ALTAMIRA SA DE CV,697
FRANCISCO HUMBERTO ALATORRE C,698
PEMEXPETROQU,699
CONSERVAS LA COSTENA SA DE CV,700
"OPTIMIZACION LOGISTICA,SA.CV.",701
SOUTHERN POLYMER INC,702
FRENOS HIDRAULICOS Y ACESSORIOS,703
OPERADORA WOODWARD SC,704
KCSMDISTRSAN,705
PELICULAS Y EMPAQUES ESPECIA,706
DOW AGROSCIENCES DE MEXICO SA DE CV,707
VALEROMARSUP,708
A.A. LUIS ESTEBAN MARRON LIMON,709
DISTRIBUCION Y SERVICIOS LOGIS,710
PRODUCTORA DE FERTILIZANTES,711
COMPLEPETCOS,712
RETER COM PR,713
PRODUCTOS Y SERVICIOS DEL CENT,714
PRODUCTOS IN,715
COMPLEJO PET,716
BUSCH AG RES,717
DEACERO SAPI DE CV.,718
BIOPAPPEL SCRIBE,719
CARGILL,720
BUNGENAMERIC,721
ING ROLANDO,722
THE COCA COLA EXPORT CORPORATI,723
FENO RESINAS SA DE CV,724
AVICOLA SAN ANDRES SA DE CV,725
DISTRIBUIDORA DE TUBOS,726
INTERNATIONA,727
FERROCARRIL MEXICANO SA DE CV,728
CARGILREFINI,729
DEPARTAMENTO DE VIA,730
ANDERSONS DE,731
DISTRIBUCION INTERCERAMIC SA,732
PRODUCTOS INTERNACIONALES MABE SA D,733
ARIELROBATIC,734
STOLT-NIELSE,735
JIMCO,736
PEMEX PETROQU,737
ROCLA,738
COMERCIALIZADORA DE ACEITES Y DERIV,739
GRUPO ORTIZ,740
VOLKSWAGEN DE MEXICO SA CV,741
GRANOS Y SERVICIOS OMEGA SA,742
GEOCHEM S DE RL DE CV,743
"ESTACION TLALNEPANTLA ""EGON MEYER""",744
M HOLLAND CO,745
CAR LOGISTICS SA DE CV,746
HONDAMEX/BAJ,747
MEXICHEM RESINAS VINILICAS SA,748
MOLINO SAN JORGE,749
INNOPHOS MEXICANA S DE RL DE,750
DLG INDUSTRIAS SA DE CV,751
EASTMAN CHEM URUAPAN SA,752
BIO PAPPEL SCRIBE,753
AS MAQUILA MEXICO S DE RL DE C,754
"INGREDION MÉXICO, S.A. DE C.V.",755
PROTEINAS NATURALES SA DE CV,756
INDORAMA VENTURES POLYMERS MEXICO S,757
"KMG DE MEXICO, S.A. DE C.V.",758
HYDCHECO/F,759
RAMPAKCSMAHO,760
HESSEN AGENCIA ADUANAL,761
MATERIAS PRI,762
AGENTE FERROMEX,763
SVM ARGUS FA,764
BIOPAPSAN/PJ,765
CARGILOILPRO,766
MISSION HILLS SA DE CV,767
INGREDION INC,768
PCS SALES USA INC,769
STOLT-NIELSEN USA INC,770
NUTRIGAFER SA DE CV,771
NUTRYPLUS SAPI DE CV,772
ALMACENADORA SUR SA DE CV.,773
JBSUSALLC,774
BCPINGREDIEN,775
PLASTICOS ESPECIALES GAREN SA DE CV,776
PIONEER FIBERS,777
FLINT HILLS HOPPER CARS,778
TRANSPORTES AUTO TANQUES OCHOA,779
BECTON DICKINSON DE MEXICO SA DE CV,780
DEACERO/LJU,781
LONGHORN POLYMERS,782
INEOS OLEFINS POLYMERS,783
GANADERA EL AHORRO SA DE CV,784
SILICES DE VERACRUZ,785
CERVECERIA YUCATECA SRL DE C,786
TALLERES DE EQUIPO RODANTE BAJ,787
BAMBERGER POLYMERS INC,788
ABASTECEDORA DE FUNDICION Y SILICES,789
DESPACHOS DEL NORTE DE NUEVO,790
EASTMAN CHEMICAL CO,791
PRODUCTOS AVICOLAS EL CALVAR,792
"ALSTOM TRANSPORTE,S.A. DE C.V.",793
PQ SERVICIOS LOGISTICOS S DE RL DEC,794
MANUEL DE JESUS PEREZ GOMEZ,795
A.A. MEJIA GOMEZ SANUDO,796
TALLER Y EQUIPOS RODANTES DEL,797
THE PLAZA GROUP,798
EASTMACHECOM,799
KENTUCKY-TENNESSEE CLAY CO,800
INTERNATIONAL PAPER CO,801
OMYA MEXICO SA DE CV,802
ALON USA LP,803
CARGILL CORN MILLING,804
EMPACADORA DE SEMILLES ZARAG,805
TERMINALES D,806
CEMENTOS APA,807
SUBDIRECCION DE INFRAESTRUCTUR,808
CEMEX S.A.B. DE C.V.,809
FRTERMIN2/AP,810
"GRUPO TRIMEX, S.S. DE C.V.",811
PHILLI66COMP,812
A.A. DESPACHO ADUANAL DEL GO,813
MOSAIC GLOBAL SALES LLC,814
GRANOS Y AGROQUIMICOS HERNAN,815
INGFRAHUMALA,816
TRIPLAY SIDERI SA DE CV,817
X-CHEM SA DE CV,818
PROVEEDORA INDUSTRIAL DE INSUMOS BA,819
DOMPE WAREHOUSE,820
PRODUCTOS AGROPECUARIOS DE TEPEXPAN,821
ALVEG DISTRIBUCION QUIMICA S,822
DISTRIDESEMI,823
"ALMACENES ALTAMIRA, S.A. DE C.V.",824
EMPACADORA DE SEMILLAS ZARAGOZA SA,825
DEACER SAPI,826
TAMSA,827
AOC MEXICANA DE RESINAS SA DE CV,828
CORPORACION TELCH SA DE CV,829
TRINIDAD BENHAM CORP,830
TA-2000 S.A. DE C.V.,831
FABRICA DE HARINAS ELIZONDO,832
"NISSAN MEXICANA, S.A. DE C.V.",833
FABJABFCA,834
CEMOCSERESPE,835
NYLCO MEXICANA,836
AGENTE FSRR,837
DEPTOVIA/PUE,838
MOLINO HARINERO SAN BLAS SA DE,839
AGRIBRANDS PURINA MEXICO SA DE,840
PROVEEDORA DE MADERAS COMERCIALES S,841
ARDURA DE MEXICO,842
MINSA SA DE,843
MITSUI & CO USA,844
DOW CHEMICAL CO,845
VINMAR PLASTICHEM S DE RL DE,846
LICONSA SA DE CV,847
"LOSPORTALESRCG, S.A. DE C.V.",848
QUIMICA TREZA,849
THOR QUIMICOS DE MEXICO,850
INGREDMEXSAD,851
CERVECERIA MODELO S DE RL DE CV,852
HARINERA LA ESPIGA SA DE CV,853
PRODUCTOS AGROPECUARIOS DE T,854
QUIMICA PIMA SA DE CV,855
COMPLE PET COS,856
FERROCARRIL MEXICANO SA DE C,857
ING JOSE ANTONIO GRANADOS PI,858
NUTRIMENTOS MINERALES SA DE,859
SOLQUIM,860
QUIMICA DOBAL SA DE CV,861
ADVANSIX INC,862
TRINIDAD BEN,863
ARCHROMA TEXTILES MEXICO S D,864
LONE STAR RAILCAR STORAGE,865
FCAJABCORAN,866
NOVUM MEXICO TRADING S DE RL DE CV,867
AARFS,868
DLGIND,869
SEMILLAS DE SINALOA SA DE CV,870
HACIENDA DEL CARMEN SPR,871
TFM SA DE CV,872
INDUSTRIAS DEUTSCH,873
INTERNATIONAL CHEMICAL,874
ARCELORMITTAL MEXICO SA DE CV,875
ASOCIACION DE AGRICULTORES,876
GRANERO EL ALHUATE SA DE CV,877
IMPORTADORA KUKULKAN SA DE CV,878
KANSAS CITY SOUTHERN DE MEXICO,879
BIOPAPPEL SCRIBE S.A.DE C.V.,880
INDUSTQUIIST,881
POCHTECA MATERIAS PRIMAS S.A. DE C.,882
BARTLETT Y COMPANIA DE MEXICO S DER,883
UNILEVER MANUFACTURERA S DE,884
LA CASTELLANA SA DE SV CTO ENVASES,885
FRIJOLES SELECCIONADOS S.A. DE C.V.,886
PRODUCTORES AGROPECUARIOS TEPE,887
GRANOS Y SER,888
DELEVERY SWITCH,889
TALLER,890
EPITACIO SALVADOR CASTILLO TORRES,891
VINMAR PLASTICHEM S DE RL DE C,892
MISANATIOMET,893
PETROQUIMICA,894
GRUPO CELANESE S. DE R.L. DE,895
FR TERMINALES,896
M HOLLAND LATINO AMERICA,897
RESINAS Y MATERIALES SA DE CV,898
METRO EAST I,899
MATERIALES DEL ISTMO SA DE C,900
JIMCO INC,901
COLCHON FSRR/FXE,902
ACEROSCAMESA,903
DE ARRIGUNAGA GUERRERO Y CIA,904
IMPULSORA TLAXCALTECA DE INDUS,905
GERENCIA DE INFRAESTRUCTURA,906
INFRAESTRUCT,907
EXXON MOBIL CHEMICAL COMPANY,908
CELUPAL INTERNACIONAL S DE R L DE C,909
PCS PHOSPHATE COMPANY INC,910
AOC MEXICANA DE RESINAS SA D,911
SERESPPOR/VE,912
M HOLLAND LATINOAMERICA S DE R,913
UTLX SOPORTE EMPRESARIAL SA DE,914
GREEN PLAINS,915
FABRICDEJABO,916
EQUISTAR CHEMICALS LP,917
ARKEMA,918
TOLEDO REFINING COMPANY LLC,919
BIO PAPPEL S,920
PEMEX LOGIST,921
VALERO MARKETING SUPPLY,922
HC SPINKS CL,923
TERMEXSA/F,924
FABJABCORON,925
TERLARAPO/LA,926
CIA CERVECER,927
DISTRIBUIDOR,928
CEMOC SERVIC,929
POETBIOREHAN,930
KOSMIKOSADEC,931
HJ BAKER & BROTHERS INC,932
ADM CORN PROCESSING,933
BATLINER PAP,934
PIONEER FIBE,935
INGREDION,936
ARRDELBAJ,937
TPW INC,938
MUEHLSTEIN INTERNATIONAL LTD,939
ENTECRESINS MEXICO S DE RL DE CV,940
INDUSTRIAS REUNIDAS SA DE CV,941
EMPACADORA DE SEMILLAS ZARAGOZ,942
TECKMETLIMIT,943
KMCO LLC,944
PRODUCTOS FORESTALES LA MISION SA D,945
PRODUCTOS FORESTALES LA MISION,946
SERANOR SA DE CV,947
ENTECRESINS MEXICO,948
FERRO MEXICANA SA DE CV,949
A.A. RAVISA MEXICO,950
THYSSENKRUPP METALURGICA DE MEXICO,951
ING ARIEL ROBERTO ATIENZO CA,952
SERVICARGO S.A. DE C.V.,953
AKTOPA,954
TALLEREQRODB,955
ALLEGHEN WOO,956
OXIMEXSA/SJR,957
CEBADAS Y MALTAS,958
AVICOLSANAND,959
CEBADAS Y MALATAS,960
RAVISAMEX/NL,961
HARINERA DE IRAPUATO SA DE CV,962
DARLING INGREDIENTS 18TH ST,963
RASSINI SUSPENSIONES SA DE CV,964
AXALTA COATING SYSTEMS LTD,965
COMERCIAL MEXICANA DE PINTURAS S.A.,966
PANTACO PICAL,967
ENERGETICOS FUSION SA DE CV,968
OWENSAMERSDE,969
GREENBRIER R,970
QLOGISTIC/PA,971
BIOPAPPRI/TV,972
ARCHER DANIELS MIDLAND CO,973
LINTREPPOTNE,974
SHELOILCO/DE,975
UTLX CARROTANQUES SERVICIOS,976
MOVILCONTEINER SA DE CV,977
INGREDION/AP,978
TUBDEACE,979
CEBADAS Y MALTAS S DE RL DE,980
MOZ AGENCIAS ADUANALES SC,981
FSRR,982
NUCOR BAR MILL GROUP,983
SERVICARGO S.A DE C.V,984
KIMBERLY CLARK DE MEXICO S.A,985
PROVISIONES SAMANO SA,986
CASA ABASCAL SA,987
BASFMEXSA/EC,988
BIRDSOCORPOR,989
BUNGE COMERCIAL SA DE CV,990
CASADUANA,991
AGENTE KCSM,992
POCHTECA MATERIAS PRIMAS,993
FABRICA DE HARINAS ELIZONDO SA,994
PIONEER INDU,995
UNIMIN CORPORATION,996
VERITIV OPERATING CO,997
MEGLOBAL AMERICAS,998
PROD AGRIC DE ELOTA SA CV,999
FLINT HILLS RESOURCES POLYME,1000
INEOS USA,1001
PRODUCCION RHI MEXICO S DE RL DE CV,1002
VIVERES ABASCAL SA,1003
MOLINOHARSAN,1004
INTPAPCOM/MO,1005
CARGILL CORN,1006
BLUE CUBE OP,1007
SOUTH HAMPTON REFINING,1008
DISTRIYSERVI,1009
LIC JAVIER JUAREZ MENDOZA,1010
ABASTOS CANTABRIA SA DE CV,1011
EMPACADESEMI,1012
ABASTOS DEL PAIS SA,1013
CARGILL DE MEXICO S A DE C V,1014
MINSA,1015
W M RECYCLE AMERICA,1016
FRIJOLES SELECCIONADOS SA DE CV,1017
PETROQUIMICA COSOLEACAQUE SA,1018
FORD,1019
KCSMDISTRSAL,1020
GREENPLAIINC,1021
CIANACALMACE,1022
GENERAL MOTORS DE MEXICO S D,1023
TUBOS DE ACE,1024
SIDERURGICA DEL BAJIO SA DE CV,1025
TUBOSACER/TA,1026
HJB QUIMICA INTERNACIONAL SA,1027
SOUTHERN POLYMER,1028
NOVACHECANLI,1029
MOLINO SANT JOAN SA DE CV,1030
FORMOTOR,1031
SAINT GOBAIN MEXICO SA DE CV,1032
IMPORTACION Y DISTRIBUCION D,1033
50FTSTDFURGO,1034
ACARREOS DE ACERO,1035
CFERROCMEXIC,1036
INGROLCASTEL,1037
COMERCIALIZADORA ISABEL SA DE CV,1038
PQLOGISTISAD,1039
ALMIDONES MEXICANOS,1040
OPERADORA DE MOLINOS SA DE CV,1041
PCS SALES USA,1042
MORNING STAR PACKING CO,1043
KENTUCKY TENNESSEE CLAY,1044
DEACERO SA  DE CV,1045
FERROCARRIL,1046
HARINEELPARA,1047
RAMPAKCSMCON,1048
NOVA CHEMICALS,1049
TRANSPYSERVI,1050
GAPELLI INGREDIENTS SA DE CV,1051
HUNTSMAN PET,1052
EXXONMOBIL SERVICIOS PETROLEROS SA,1053
INSUMOS INTERNACIONALES GC,1054
LSC COMMUNICATIONS PENDAFLEX MEXICO,1055
ABARROTES LA MANITA SA DE CV,1056
INGENIO SAN,1057
NEXEO SOLUTIONS LLC,1058
LIBERTY RAIL,1059
ARIEL. A. ATIENZO CASTRO,1060
LICJAVJUAMEN,1061
ZELLER PLASTIK MEXICO SA DE CV,1062
M HOLLAND LATINOAMERICA,1063
KATOENNATMEX,1064
CIA CERVECERA DEL TROPICO SA,1065
ALTA CALIDAD DE SEMILLAS Y GRANOS S,1066
OIL & GAS EXPORT LLC,1067
M HOLLAND LATINOAMERICA S DE RL DE,1068
INSUMOS INTERNACIONALES GC S,1069
HONDA DE MEXICO SA DE CVC.V,1070
FABRICINDTUM,1071
GRUPAPSCR/SJ,1072
HJ BAKER BROTHERS,1073
THE KANSAS CITY SOUTHERN RAILWAY CO,1074
AGTFXE,1075
GREENPLATRAG,1076
EASTMA CHEM,1077
"EXTRACTOS Y MALTAS, S.A. DE CV",1078
NYK DE MEXICO SA DE CV,1079
BIO PAPPEL SAB SA DE CV,1080
DISTRIBUCION Y SERVICIOS LOGISTICOS,1081
INGENIO DE PUGA S.A.,1082
DELIVEY SWITCH,1083
EMPACADORA EL FRESNO S A DE C,1084
CORPORACION,1085
HARINERA EL,1086
GRAHAM PACKA,1087
BULKMATIC DE MEXICO S DE RL,1088
CEBADAS Y MALTAS S. DE R.L. DE,1089
LEISERSADECV,1090
PROGRERAISER,1091
DLG INDUSTRIAS,1092
CENTRO AGROINDUSTRIAL SA DE CV,1093
ADITIVMEXSAD,1094
FABHARELIVER,1095
FABRICA DE H,1096
GREEN PLAINS TRADE GROUP LLC,1097
MEADOWS GROUP,1098
ALMMERSA/PAN,1099
COMERCIAL ABARROTERA GUMEN SA DE CV,1100
EMPACADORA DE SEMILLAS ZARAG,1101
ACOSTE,1102
COLCHON  FSRR/FXE,1103
BIO PAPPEL PRINTING,1104
KOPRIMO SA DE CV,1105
AGFXE/PIN,1106
PRINTING PLANTA OAXACA,1107
EQUIPOS FERROV DEL SURESTE,1108
AS MAQUILA M,1109
MALTA TEXO D,1110
QUIMICPIMA,1111
FRANCISCO ANDRES GARCIA BERM,1112
COMCERZAC/VR,1113
POLIMEROS MEXICANOS SA DE CV,1114
Q LOGISTICS SA DE CV,1115
FABRICA Y LABORATORIOS DE ALIM,1116
EMPACADORA ABETO SA DE CV,1117
CONSORCIO DISTRIBUIDOR QUIMI,1118
KIMBERLY CLARK DE MEXICO SA CV,1119
DEACERO SA D,1120
SAKXIM SA DE CV,1121
COMERCIALIZA,1122
SERVICINTYDE,1123
ALMACENAJES Y MANIOBRAS DEL,1124
DELIVERY SWI,1125
CEMEXVITO,1126
VINMAR PLASTICHEM,1127
COMERCIAL ABARROTERA GUMEN,1128
SIDBAJSA/COR,1129
LIBERTY PACKING COMPANY LLC,1130
ALVARADO COMMODITIES INC,1131
CARGILL DE M,1132
ALMACENADORA,1133
TERNIUM MEXICO LARGOS APODACA,1134
FERROCMEXSAD,1135
INDUSTMONFEL,1136
HC SPINKS CLAY COMPANY INC,1137
KCSMMECANICO,1138
PROVISIONES SAMANO SA DE CV,1139
EXTRUCTORA DE PLASTICOS LA PENINSUL,1140
VOPAK NORTH AMERICA INC,1141
TRANS-GLOBAL SOLUTIONS INC,1142
COOPERSMIMEX,1143
POLIMADE SA DE CV,1144
CASTELLANA SA DE CV,1145
JAMES FARRELL MEXICO S.DE R.L.DE CV,1146
ALMACENADORA DEPOSITO MODERNO,1147
AGENTE FSRR.,1148
ENTREGAKCSM,1149
CARGILSPSWPL,1150
NOVACHEJOFFR,1151
FCA MEXICO SA DE CV,1152
FERROMEX/TOR,1153
NUCOR STEEL-UTAH,1154
SEFINSA PLANTA 1,1155
KANCITMEX/QR,1156
DOWCHECOM/BR,1157
"ENVASES UNIVERSALES DE MEXICO,",1158
A.A. RAVISA,1159
BULKMATIC/TL,1160
ROBERTO S. GONZALEZ MALDONADO,1161
JOSE A. BENITEZ,1162
ARCHER DANIELS MIDLAND CO  V,1163
KANSAS CITY SOUTHERN RAILWAY CO SWI,1164
AGTE.FXE,1165
JEFE DE ESTACION,1166
MERIDIAN RAIL SERVICES,1167
AUTOCOM RAIL SERVICES S. DE R.,1168
AGENT FSRR,1169
PRAIRIE WALT LTD,1170
PIONEER PAPER STOCK OF TEXAS,1171
P.I.C.A.L. (INST. ENRQUE ZAMARRIPA),1172
HJ BAKER BRO,1173
HARDETLAL/TL,1174
"SILICES DE VERACRUZ,S.A. DE C.",1175
RAMPAKCSMSAN,1176
DELIVERT SWITCH,1177
CARGILOILSEE,1178
BIOPAPSA/TEM,1179
ISQUISA S.A DE.C.V.,1180
CAR LOGISTICS S.A.,1181
LOINCO SA DE CV,1182
INGREDION/PI,1183
TRINITY INDUSTRIES DE MEXICO S DE R,1184
CERVECERIA MODELO S DE RL DE,1185
FANAL,1186
CSI DISTRIBUCION SA DE CV,1187
OWENS CORNING MEXICO SA CV,1188
M HOLLAND,1189
MEXICAN COMMODITIES SA DE CV,1190
REAGENT CHEMICAL & RESEARCH INC,1191
TYSON FRESH MEATS INC,1192
KALISCHATARRA S DE RL DE CV,1193
ENVATAP,1194
PRAIRIE MALTING,1195
MEXICOMM GLOBAL COMMODITIES CORP,1196
CEMEX,1197
LANSING DE MEXICO S DE RL DE CV,1198
TRANSMOILCOM,1199
NYKDEMEX/PAN,1200
BUNGE COMERCIAL,1201
SILVERACR/OR,1202
ALMACENADORA SUR SA SILOS MIGU,1203
NOVA CHEMICA,1204
BACHOCO SA D,1205
BRASKEM AMERICA,1206
ALMACENADORA DE DEPOSITO,1207
TATE & LYLE INGREDIENTS AMERICAS IN,1208
CEBADAYMALSR,1209
INTEGROW MALT,1210
GREEN PLAINS FAIRMONT LLC,1211
GERDAU CORSA SAPI DE CV,1212
POLIMERO Y MATERIAS PRIMAS I,1213
INDUSTDEACER,1214
TERNIUMEXGUE,1215
ASURUTA,1216
CEMENTAPASCO,1217
CERVCUAMOCTE,1218
CERVECERIA CUAHUTEMOC MOCTEZUM,1219
MEXICHEM FLUOR,1220
INDELPROSADE,1221
BUNGE COMERCIAL S.A. DE C.V.,1222
KENTUCKY-TEN,1223
S CELANE OPE ME,1224
COMERCIALIZADORA COLUMBIA SA DE CV,1225
KCSMDISTRVAN,1226
SOLUCIONES LOGISTICAS DH SA,1227
DEACERSAP/CO,1228
SUDCHEMEXI,1229
AUTO WAREHOUSING CO,1230
P.I.C.A.L.,1231
INTERMODAL A SAN PABLO,1232
RAGASA INDUSTRIAS SA DE CV,1233
BNSFLOGISINT,1234
ABARROTES LA MANITA,1235
METALUCOBRE,1236
TERINTLOG/ES,1237
PLAMI,1238
WHYTECLIFF ENTERPRISES INC,1239
COMERCCOLUMB,1240
ROHM AND HAAS MEXICO S DE RL DE CV,1241
COMERCIALIZADORA COLUMBIA,1242
OCV MEXICO S DE RL DE CV,1243
UNIMIN,1244
GENERAPRODUC,1245
RE RACION,1246
"INDELPRO, S.A. DE C.V.",1247
DEPTOVIA/API,1248
MARCOS MANUEL PALACIOS,1249
NAHUA,1250
EQUISTCHEMIC,1251
EXTRACTOS Y MALTAS SA,1252
AGUAS TRATADAS DEL VALLE,1253
CENTRAVALAGC,1254
ALMACENADORA SU,1255
A.A. DESPACHOS ADUANALES ALCAN,1256
BARTLETT Y COMPANIA DE MEXICO,1257
TRINSEO DE MEXICO S. DE R.L.,1258
EM POLYCHEM SA,1259
CEMEXSAB/LRY,1260
PROTEINATSAD,1261
WASTE MANAGEMENT INC,1262
DISTRIBUCION Y SERVICIOS,1263
EQUIPOS FERROVIARIOS DEL SURESTE SA,1264
KCSM DISTRIBUCION,1265
GCC CEMENTO,1266
GCC CEMENTO SA DE CV,1267
MUNSA MEXICO,1268
ALMACENADORA ALSUR SA DE CV,1269
WHITE SPRINGS AGRICULTURAL C,1270
CORPORACCION TELCH SA DE CV,1271
PERMAPLAY SA DE CV,1272
UNIONPACIRAI,1273
SASOL CHEMIC,1274
AUTOSERVICIO ELEFANTE,1275
SERVICARG/LE,1276
INDUSTDERDEL,1277
ALTOS HORNOS DE MEXICO,1278
COMERCIALIZADORA MERC SA DE CV,1279
OXYDE CHEMICALS,1280
OIL GAS EXPORT,1281
GBW RAILCAR SERVICES LLC,1282
TMC ENGINEER,1283
CORP. ADUANAL NORIEGA,1284
DISTRIYSERLO,1285
ARCHER DANIELS MIDLAND CO CV,1286
CLARIANT (MEXICO) SA DE CV,1287
DOWCHEMICCOM,1288
BASELLPOLSDE,1289
FRTERMIN/APO,1290
GRAINLOADBRO,1291
UNION CARBIDE,1292
HJ BAKER & B,1293
CERVECERIA M,1294
UNIONTANCAR,1295
COOPER SMITH DE MEXICO SA,1296
CHEVROPHICHE,1297
EQUIPOS FERROVIARIOS DEL NOR,1298
BRASKEM IDESA S.A.P.I.,1299
DISTRIBUCION KCSM,1300
SOLVMEX SA,1301
GRUPOCELANES,1302
INGMIGOROMAR,1303
INGCELVELTOR,1304
GUNDERCONSAD,1305
DAKRESINAAME,1306
CERVECERIA DE ZACATECAS,1307
INDUSTACEITE,1308
ALMSURSIL/TL,1309
INGARIROBATI,1310
COMPANIA CERVECERA DEL TROPICO,1311
MGWAREHOUINC,1312
KCSMDISTRDEL,1313
CORRUGYALAMB,1314
CORPOR POR VER,1315
SERVICIOS ADMINISTRATIVOS EL N,1316
MEXICHEM RESINAS VINILICAS,1317
CONCARINT/VE,1318
COMERCIALIZADORA CG DE OCCIDENTE,1319
ING MIGUEL OROZCO MARTINEZ,1320
EQUIPOFERSUR,1321
ROMEL SERVICES LLC,1322
ESCALERA,1323
INTERNATIONAL PAPER,1324
TOTAL PETROCHEMICALS & REFINING USA,1325
VIMIFOS,1326
TOTAL MEXICO SA DE CV,1327
NOVA CHEMICALS JOFFRE,1328
AUTOCOM,1329
US BORAX INC,1330
ALMACENES ALTAMIRA S A DE,1331
ABASTOS DEL PAIS,1332
IMPORTADORA DE ALIMENTOS SANTANDER,1333
LIBERTY PACK,1334
CERVECERIA MODELO S DE RL DE C,1335
ING. FRANCISCO HUMBERTO ALAT,1336
NOTERNIUM,1337
TERMINAL INTERMODAL LOGISTICA,1338
KCSM  DISTRIBUCION,1339
SMURFICARYPA,1340
EQUIPOS FERROVIARIOS DEL SURESTE,1341
GRANOS NACIONALES INTERNACIO,1342
INTERNATIONAL PAPER CONTAINE,1343
COMPLEJO PETROQUIMICO CANGRE,1344
NATIONAL FIBER SUPPLY CO,1345
EQUIPOS FERROVIARIOS DEL SURES,1346
LFABRICJABON,1347
CEMEX SAB DE CV,1348
DELIVERY SWITCHV,1349
SALELEFANSAD,1350
AGENTE  FXE,1351
GRUCONTRI,1352
GRANOS NACIO,1353
GRANOS Y AGR,1354
CARGILL/VER,1355
TRINITY INDUSTRIES DE MEXICO,1356
TRINSEO DE MEXICO S DE RL DE,1357
CALUMET SPECIALTY OILS DE MEXICO S,1358
GRANELBARSDE,1359
HARINERA GUADALUPE SA DE CV,1360
COMERCSUAVAR,1361
TERMINALES DE CARGAS ESPECIALI,1362
AGENTE  FSRR,1363
RESIRENE SA,1364
SI GROUP,1365
AVISANAND/PA,1366
ACEROS CORSA SA DE CV,1367
AMERICAS STYRENICS DE MEXICO S DE R,1368
GRUPO TRIMEX SA DE CV,1369
SERVICAR2/LE,1370
"MIRACERO, S.A. DE C.V.",1371
GRUPO ACOPIADORES DE GUASAVE,1372
"SCH TZ ELSA, S.A. DE C.V",1373
GRANOS NACIONALES INTERNACIONA,1374
CERVECERIA YUCATECA S DE RL,1375
CIA CERV DE ZACATECAS S DE R,1376
ING JOSE LUIS RUIZ FERNANDEZ,1377
CARLOGISTIC,1378
COMERCIALIZADORA PORTIMEX SA,1379
RESIRENE,1380
HONDA,1381
JOSGRAPIN/GU,1382
ACARREOS XALOSTOC SA DE CV,1383
SERVICAGRDEE,1384
LANSING DE MEXICO,1385
TALLERES DLG,1386
GAVILON DE MEXICO SA DE CV,1387
INDUSTRIA DE,1388
MARCOS PALACIOS MONTOYA,1389
HAMBURSUD,1390
COMERCIALIZADORA DE GRANOS P,1391
DIGRANS SA,1392
WESTLAKE POLYMERS LLC,1393
BLEN TECH,1394
PLAMI S.A DE C.V.,1395
SAKXIMSA/PAU,1396
MUNMOLLEO/LE,1397
MIGUEL OROZCO MARTINEZ,1398
PROVISDEXALA,1399
POLIMEROS DE MEXICO,1400
UNION CARBID,1401
CPINGREDIENTES SA DE CV,1402
CELANESE LTD SBC,1403
TOLEDO REFIN,1404
COMERCIALIZADORA DE GRANOS,1405
SSAMEXICO/LZ,1406
FIRSTAR FIBE,1407
WASTE MANAGE,1408
NATFIBSUP/CH,1409
W M RECYCLE,1410
TYSON FRESH,1411
PRAWALLTD/BI,1412
CINERWYOMLLC,1413
LAMETALICSAD,1414
SABORMEX SA,1415
AUTOCORAISER,1416
CEDAR GROVE WAREHOUSING LLC,1417
SOPORTE LOGISTICO EN DISTRIB,1418
PROMOTORA IN,1419
NUCORSTEEMEM,1420
INTREPID POT,1421
ING. JUAN LUIS GARCIA FUENTES,1422
EDESPADCASTA,1423
DAK RESINAS AMERICAS MEXICO SA,1424
COMERCSUASAD,1425
KEYERAPARTNE,1426
SOUTH HAMPTON RESOURCES INC,1427
TALLER FERROSUR,1428
RETER COMERCIALIZADORA DE PR,1429
INTER-RAIL TRANSPORT INC,1430
INTERMODAL MEXICO S A DE C V,1431
PROMOT IND AZU,1432
PEMEXREFI/MI,1433
Q LOGISTICS S R L DE CV,1434
M HOLLAND LATINOAMERICA S DE,1435
IMPORTADORA EXPORTADORA DORSAL,1436
PROFESIONALES EN LOGISTICA DE MEXIC,1437
"GRUPO TRIMES, S.A. DE C.V.",1438
EQUIPOS FERROVIARIOS DEL SUR,1439
ALIMENBALYSE,1440
AGTFOODS,1441
CARGILINCORP,1442
MALTA TEXO DE MEXICO SA DE CV,1443
"TSO-NGE, S.A. DE C.V.",1444
CERVECMODELO,1445
LOINCO,1446
CARGILMEASOL,1447
CORPORATIVO ADUANAL RUIZ DIV,1448
A.A. DEL RIO SINALOA PONIENTE,1449
PRI GROUP LL,1450
M HOLLAND LATINOAMERICA S DE RL DEC,1451
BALCONES RECYCLING,1452
POETBIOREFIN,1453
ESCALERAS,1454
EVONIK CYRO LLC,1455
PETROQUIMICA MEXICANA DE VINILO SAD,1456
TRIPLAY FRONTERA 2000 SA DE CV,1457
COM FEDERAL DE ELECTRICIDAD,1458
HARRYRDEFLER,1459
CELUPAL INTERNACIONAL,1460
AXALTA COATING SYSTEMS MEXIC,1461
ADM MEXICO SA DE CV,1462
CEMEX MEXICO S.A. DE C.V.,1463
NUCORSTEETUS,1464
TRANSPOLI/SL,1465
FABJABCOR/UM,1466
OWENS CORNING MEXICO S. DE,1467
MUEHLSTEIN DE MEXICO SA DE C,1468
ALMACESUR,1469
EM POLYCHEM,1470
FUEL ENTERPR,1471
BACHOCOSADEC,1472
AGENTE FXE S.A.DE C.V.,1473
"GCC CEMENTOS, S.A. DE C.V.",1474
HOLLYFRONTIER REFINING WEST,1475
KANCITMEX/MT,1476
INTEGROW MALT LLC,1477
DAKRESAME/GM,1478
KANSAS DISTRIBUCION,1479
REPARAR,1480
MARCOSMPALMO,1481
GAPELLI INGREDIENTS SA CV,1482
GRUPO INDUSTRIAL ASTRO,1483
NUCORSTEEL,1484
MULTIVER DE COATZACOALCOS SA D,1485
LEAFRIVERCOR,1486
POET BIOREFINING HANLONTOWN,1487
FXE,1488
AGENTE DE TFVM,1489
FERROCARRIL Y TERMINAL VALLE D,1490
ING. JOSE LUIS RUIZ FERNANDEZ,1491
OLDHICCLA/GL,1492
PEMEXREFI/SA,1493
TORTILLAS ESPECIALES SA CV,1494
FORDMOTORCOM,1495
ALPHEUS ENTERPRISE INC,1496
COMERCMERSAD,1497
LOGISTCARMEN,1498
INGENIO CONS,1499
PRECISCOMPON,1500
AAKMEXICOSAD,1501
ACEROS CAMESA S.A. DE C.V.,1502
CARGILMEXICO,1503
A A DESPAC AD C,1504
PLASTIADHDEL,1505
CERTROPIC/TU,1506
TRANSPORTES Y SERVICIOS INTE,1507
FERROSUR/HUI,1508
DEPTOVIA/HUI,1509
A.A. RAFAEL PEDRAZA DOMINGUEZ,1510
"QUIMICA DOBAL, SA DE CV",1511
OXYDE CHEMICALS INC,1512
OSTERMAN,1513
POLYMAT,1514
UNIMIN CORP,1515
AGROSECASGRA,1516
BNSF AGENT,1517
CAF DE MEXICO,1518
MEXIFLOUR/MA,1519
CONOPEATO/ES,1520
A.A. DESPACHO ADUANAL CASTANED,1521
MEJIA Y GOMEZ SANUDO,1522
GRUPO ADUANAL PRIDA,1523
MERCANTIL VILLACARRIEDO,1524
JOHNSTOWN BEAN COMPANY INC,1525
MEXICOMM GLO,1526
Q LOGISTICS S.DE R.L. DE C.V.,1527
OSTERMAN PLASTICS DE MEXICO S DE RL,1528
EMPACADORA ABETO S.A. DE C.V.,1529
BODEGA DE GRANOS EL ALAZAN Y,1530
CALUMEREFLLC,1531
BNSFAGENT,1532
PLAINSMIDCAN,1533
AGENTE  FRSS,1534
SHINSHMEXSAD,1535
MAZDA MOTORS DE MEXICO,1536
LEANDRO PEREZ JIMENEZ,1537
RONPAK INC,1538
AGROVIZION INTEGRADORA,1539
"AMEXDER, S.A. DE C.V.",1540
GUNDERSON CONCARRIL,1541
TENARIGLOSER,1542
LEAF RIVER CELLULOSE,1543
MARRON AGENCIAS ADUANALES SC,1544
ELBOWRIVEMAR,1545
VALERO MARKE,1546
INTEGRADORA DE PRODUCTORES DEL ESTA,1547
INTERMODAL,1548
PASHA AUTOMOTIVE SERVICES,1549
FCAJABCOR,1550
TYSA,1551
TYASA,1552
SSA MEXICO SA DE CV,1553
BIOPAPPELSAD,1554
KATOEN NATIE MEXICANA SA CV,1555
FREEDOPROLLC,1556
"CARGILL DE M  XICO, S.A. DE",1557
COMERCIAL ROSHFRANS SA DE CV,1558
OWENSAMESRL,1559
BOMBARDIER,1560
CONSORCIO OPERADOR DE ATOTONIL,1561
SASOL CHEMICALS (USA) LLC,1562
TALLERES DE EQUIPO RODANTE DEL BAJI,1563
TECKMETALS,1564
CONSTRU ITISA SA DE CV,1565
ALMIDONES MEXICANOS S A DE C,1566
PRIDA CONSOR,1567
CMC STEEL TEXAS,1568
SERVICIOS ADMINISTRATIVOS EL,1569
ARREND NAC DE CARROS DE FERR,1570
S/DOC,1571
ESCAPE GRUPO AMIGO,1572
CEMEX MEXICO HDQRS,1573
MIRACERO SA DE CV,1574
COMERCIALIZADORA COLUMBIA SA,1575
LEAF RIVER C,1576
MEXICHEM RES,1577
JOSRUIFER/OB,1578
AUDIMEXICO,1579
TORTILLAS ES,1580
BREGUASA/GUA,1581
MONSANAND/GU,1582
INTERMEDIATE,1583
GBW RAILCAR,1584
CANADIAN NAT,1585
CEBADAS Y MA,1586
TRANSPAUTTAN,1587
LANSING DE MEXICO SRL DE CV,1588
SACVMAGNELEC,1589
KCSMDISTRLAZ,1590
PRODUCTOS INTERNACIONALES MA,1591
A.A. DESPACHO ADUANALES CAST,1592
A A DESPAC A,1593
AHMSA,1594
DLG INDUSTRIAS SA,1595
BIOPAPSAB/PA,1596
TOTAL PETROCHEMICAL & REFINING USA,1597
"VIVERES ABASCAL, S.A.",1598
GREENBINDSAD,1599
CELANESE OPERATIONS MEXICO,1600
FERROSUR S A DE C V,1601
RESINAS Y ALMIDONES INTERNAC,1602
CLARIANT MEXICO,1603
CORPORPORVER,1604
LA CASTELLANA SA DE CV,1605
INMOBILIARIA Y ARRENDADORA,1606
RAMPAKCSMCAY,1607
ORG.INTER.DE TRANSBASE AGROIND,1608
UNILEVMANSDE,1609
CEMEXSAB/TEP,1610
MALTA TEXO DE MEXICO SA DE CV.,1611
ING FRANCISC,1612
INTERMERK,1613
PROTEINAS Y OLEICOS SA DE CV,1614
ADMINISTRACION PORTUARIA INTEG,1615
FAB.DE HARINAS ELIZONDO SA,1616
MATERIDELITS,1617
AUDI MEXICO SA DE CV,1618
FERROCARRIL Y TERMINAL DEL VAL,1619
DEPTOVIA/TBC,1620
UINEOSOLEPOL,1621
JOHNSTBEACO,1622
INTEGRADORA DE PRODUCTORES DEL,1623
ALMACENADORA DEL SUR SA DECV,1624
TERNIUMEXICO,1625
PEROXIQUIMICOS SA DE DV,1626
EXCELLENCE S & L LOGISTCS,1627
INDUSTDECENV,1628
JACOBSTESONS,1629
EQUIPO PARA RECARGA,1630
SCHICK MANUFACTURING INC.,1631
OLD HICKORY CLAY CO,1632
LYONDELL CHEMICAL HQ,1633
UNIDAD BXO SE ENVIA A VIA 12-501,1634
CEMENTMOCSAD,1635
CEMOC SERVICIOS ESPECIALI,1636
INTERNACIONAL FAPAK SA DE CV,1637
CLOROTEHUANT,1638
RESIRENE SA DE CV,1639
MALTA TEXO DE MEXICO SA CV,1640
SIM ALIMENTOS SA DE CV,1641
JEFFERSON GULF COAST ENERGY PARTNER,1642
CEMEX SAB,1643
CARGIL,1644
SCHUTZ ELSA SA DE CV,1645
ING ARIEL RO,1646
PROTEIYOLEIC,1647
APASCO/PAN,1648
JB TECNICS MEXICO,1649
TERMININTLOG,1650
ALMIDONES MEXICANOS S.A DE C.V.,1651
SOLVMEX SA DE CV,1652
PEDIDOS(CARROS PARA ALMACENAMIENTO),1653
AGTE,1654
CELLMARK INC,1655
DISTRIBUCION DE FLOTA,1656
SILOS VANCOUVER,1657
MATDITSMOCH,1658
AGENTFXE,1659
JNT LOUISIANA LLC,1660
FERROSURSADE,1661
"LOINCO, SA DE CV",1662
DISSERLOG/PA,1663
PRODUCTORA DE FERTILIZANTES DEL NOR,1664
FCAJOBCORON,1665
PRODUCINTMA,1666
CONOPEATO/ST,1667
INNOPHOS INC,1668
AGT FOODS,1669
MEXICHEM RESINAS VINILICAS SA DE CV,1670
BASF CORP,1671
AGRICOLA SIJO SA DE CV,1672
CENTENENELLC,1673
Q LOGISTICS,1674
VIDRIERA DE TIERRA BLANCA,1675
FEDERAL INTERNATIONAL,1676
FERROMEX/CTZ,1677
EVRROCMOU/MN,1678
KOBLENZ ELECTRICA S A DE C V,1679
OWENS AMERICA SRL DE CV,1680
BIO PAPPELSAB DE CV,1681
CELANESE,1682
MOLIVASCO/TL,1683
VIDRIETIEBLA,1684
INTLPAPER,1685
JUMANDI GROUP SAPI DE CV,1686
ARIROBATI/FP,1687
TORTILLAS ESPECIALES SA,1688
A.A. PRIDA CONSORCIO ADUANAL,1689
CEMEX S.A.B.,1690
PROOLESA/APA,1691
TEXAS GONZALES & NORTHERN RAILROAD,1692
A.A. PRIDA CONSORCIO ADUANAL S,1693
A.A. BRANIFF DESPACHOS ADUANAL,1694
ONEOCENET/PA,1695
POET BIOREFINING COURIE,1696
CARGILINCEAS,1697
ALMSURSA/TLA,1698
AGENTE   KCSM,1699
DISTRIDETUBO,1700
ONE OCEAN NETWORK EXPRESS SHIP,1701
HARINERA DE ORIENTE SA DE CV,1702
SHELL OIL CO,1703
BIO PAPPEL PRODUCTS,1704
SALES DEL IS,1705
GAPELLI INGREDIENTS,1706
CARGILL SWEETENERS NORTH AME,1707
ABE SOUTH DAKOTA LLC,1708
SANCHEYMARTI,1709
INGENIO SAN NICOLAS SA DE CV,1710
SANTAFE,1711
RAILPORT,1712
INGREDION/CD,1713
CGR (CENTRAL GULF RAILWAY),1714
DAK AMERICAS LLC,1715
BIOPAPPRI/PA,1716
SSA MEXICO S,1717
LICONSA,1718
CARGILREFINE,1719
GRAMOSA AGROALIMENTOS SA DE CV,1720
VIDRIERA DE,1721
INDORAVENPOL,1722
MISSIOHILSAD,1723
HONDAMEXICO,1724
GONZALEZ TORRES Y CIA.,1725
ING. ARMANDO RUIZ MONDRAGON,1726
LOCSANLUI/SL,1727
FERROVALLE,1728
DLG,1729
HECPULGAR/TO,1730
MINEREX SA DE CV,1731
TRANSILMEX SA DE CV,1732
OXITENO,1733
PEROXIQUIMICOS S.A. DE C.V.,1734
HARINEESPIGA,1735
SAKXIM,1736
KCSMTRANSPOR,1737
WWLVEHICLSER,1738
DURMIENTES Y POSTES UTILIRAI,1739
THE AMALGAMATED SUGAR COMPANY,1740
CARGILFREFWD,1741
HAPLLOMEX/PA,1742
RAIL LOGIX AMERIPORT LLC,1743
BIO PAPPEL S.A.B DE C.V,1744
MEDITESHICOM,1745
PRODUCDEALIM,1746
DOW QUIMICA MEXICANA SA DE CV,1747
KIMBERLY CLA,1748
BIOPAPPEL PR,1749
VOPAK TERMINAL DE MEXICO SA,1750
DOW CHEMICAL COMPANY,1751
JOHNSTOWN BE,1752
HAMSUDGU,1753
INTERMGUD,1754
TEREFTALATOS,1755
TEREFTMEX/GM,1756
AGFSRR/EER,1757
TERMINAL CARGA INTERMOAL II,1758
DINAMICA FILMICA,1759
CONTROLADORA DE TERMINALES DE,1760
FERROCARRIL MEXICANO S.A. DE C,1761
INTEGRADORA COMERCIAL DE LOS,1762
JAMES FARRELL MEXICO S DE RL,1763
CARGILINCMOS,1764
GEOCHEM,1765
OPERADORA DE PYTSA INDUSTRIA,1766
AGENTE-FSRR,1767
MHOLLAT/LEC,1768
MARCOS MANUE,1769
CARGILCORMIL,1770
"QUIMIR,S.A. DE C.V.",1771
AUTOCOM RAIL SERVICES,1772
CAPEX,1773
METALUMETMEX,1774
THYSSENKRUPP MATERIALS DE MEXI,1775
PHILLIPS 66 CITY WEST BLVD,1776
ROHM AND HAAS MEXICO,1777
FFCCUP,1778
ING ANTONIO SOLIS VALTIERRA,1779
ALMMEXSA/TUL,1780
TERNIUM  FSRR,1781
TERNIUM FSRR,1782
INEOS STYROLUTION MEXICANA SA DE CV,1783
MANIOBRAS ESTRATEGICAS DEL P,1784
REPARACION,1785
GREENS PORT TERMINAL,1786
GREEN METALS INC,1787
AGENTE FERROSUR,1788
INTERMERK S.A DE C.V,1789
GRUPOINDUORT,1790
HARINEGUADAL,1791
MOLINOSANAND,1792
EXXONMOBIL C,1793
CELESTINO VELA TORRES,1794
SENOPLAST SA DE CV,1795
ENVASES UNIVERSALES DE MEXICO,1796
A.A. DESPACHOS ADUANEROS GARBE,1797
ESSITY HIGIENE Y SALUD MEXIC,1798
SMURFIT CARTON Y PAP DE MEX GTO,1799
WILKINBROIRO,1800
CONEXION 360,1801
ACEROPRIMSDE,1802
INDUSTRIAS REUNIDAS SA,1803
ARCELOLASTRU,1804
NEXEO SOLUTIONS MEXICO S. DE,1805
CENTRAL NATIONAL DE MEXICO S DE RL,1806
FABHARELIJUL,1807
CAFMEXSA/HUE,1808
MARCO POLO INTERNATIONAL INC,1809
MADERAS Y PUERTAS GAVILAN SA DE CV,1810
POCHTECA MATERIAS PRIMAS S.A,1811
HARINERA LA ESPIGA. S.A. DE C.V.,1812
FIBRASYVASOS,1813
KANCITMEX/MA,1814
CONPAPCOM/CH,1815
"MOLINOS VASCOS, S.A. DE C.V.",1816
EQUIPOS FERR,1817
AGENT.,1818
KIMBCLARK/EC,1819
AEROPRES CORP,1820
CHEMICAL RESEARCH TECHNOLOGY I,1821
MATERIPRIMON,1822
INNOPHMEX,1823
WESTLAPOLLLC,1824
ORGANIINTDET,1825
MITSUI & COMPANY (USA) INC,1826
PRODUCTORA D,1827
FABRICA Y LABORATORIOS DE ALIMENTOS,1828
DELIVERY,1829
DELIVERI,1830
INTERMEX/GUD,1831
CONTINENTAL PAPER GRADING,1832
KCSM MECANICO,1833
CAF,1834
SUFRAGIO,1835
.,1836
AGNETE FXE,1837
INEOS CANADA PARTNERSHIP,1838
SILOS VANCOU,1839
"PURP, SA DE CV",1840
INTERMODAL MEXICO SA CV,1841
ODFJELL TERMINALS HOUSTON,1842
SIDERUBAJIO,1843
LOTE FXE,1844
SAKXIMSA/PEN,1845
VINMAR OVERSEAS LTD,1846
POET ETHANOL PRODUCTS,1847
CGRAILWAYINC,1848
ENVASES UNIVERSALES DE MEXICO SA DE,1849
ACEITES ESPECIALES TH SA DE CV,1850
MOLINO GRANDE SA DE CV,1851
BNSF RAILWAY COMPANY,1852
GATX SERVICE CENTER,1853
MATERIALES D,1854
BLUERACERMID,1855
INGJOSANTGRA,1856
PETROMEXVIN,1857
NUTRICAL SA DE CV,1858
LIBERTPACCOL,1859
INDUSTRIAL DE ACERO VILSA,1860
RAILPORT SA,1861
EXXONMOBIL MEXICO,1862
777 GROUPE INDUSTRIEL BLEU,1863
BIOPAPPEL PRINTING SA DE CV,1864
RAILPORT/LDE,1865
ASOCIACION DE AGRICULTORES DE,1866
RAGASAIND,1867
SILTYSSA/GUA,1868
UNIONTANK,1869
HOLLYFRONTIER REF & MKT LLC,1870
MAVERIFUEOIL,1871
CEMEXMEXISAD,1872
PALLETS M3 SA DE CV,1873
FUNDIDOS Y C,1874
DESPACHOS ADUANALES CASTANED,1875
UNION PACIFIC RAILROAD CO,1876
PEMEXREF/IAL,1877
BIOPAPPEL,1878
MCKINLPAPER,1879
RTWTERMINALS,1880
KMCOLLC,1881
GRUPO INDUSTRIAL VAL-RO,1882
CELLMARK PUL,1883
PCS SALES (U,1884
GAVILON INGR,1885
RODOLFRUICAS,1886
NUCORCORPORA,1887
PRODUCTOS INTER MABE,1888
RITAOLVERCOR,1889
TRINSEO DE MEXICO,1890
PROCESS OILS IND GARP SA DE CV ACEI,1891
CENTRANATDEM,1892
DEPTOVIA/VER,1893
COMPANIA CER,1894
CIACERTROPIC,1895
COMERCGONSAD,1896
ARCOSA INDUSTRIES DE MEXICO S DE RL,1897
MEJIA Y SUCESORES SC,1898
ING ARMANDO RUIZ MONDRAGON,1899
CHEMTRADE LOGISTICS INC,1900
ILTA GRAIN,1901
RIVERLAND AG CORP,1902
TYR WOOD PRODUCTS INC,1903
KCSMDISTRMAT,1904
CONSOROPELIT,1905
PACIFIC ETHANOL PEKIN,1906
FERROMEX/TNA,1907
TRANSSINCORP,1908
EVONIK CYRO,1909
WESTLAKE POLYMERS,1910
FERROMEX/MTY,1911
NUEVAFABNACV,1912
"ALCOHOLERA DE ZAPOPAN, S.A.",1913
COMERCIALIZADORA COLUMBIA SA D,1914
MUNSA MOLINOS EL PILAR,1915
LOGISTICA INTERNACIONAL DE MERCANCI,1916
DEACERSAP/PA,1917
A.A. CORPORATIVO ADUANAL ORTIZ,1918
TRANSPORTES Y MANIOBRAS ARCH,1919
POLIOLESSADE,1920
LANSING TRADE GROUP LLC,1921
A.A. DESPACHO ADUANAL DEL GOLF,1922
SERVILSUMMEX,1923
INDUSTRIAS DERIVADAS DEL,1924
INTERNATIONAL PAPER EMPAQUES,1925
SERVIAPLASAD,1926
VOKSWAGEN,1927
LAS ENCINAS SA DE CV,1928
INGSEREDWCAZ,1929
FRTERMIN/TUL,1930
CARRO COLCHON,1931
CARGILL INC EAST,1932
"FERROMEX, S.A. DE C.V.",1933
COFFEYRESREF,1934
KOSMIKO SA DE CV,1935
POET BIOREFINING ASHTON,1936
SILICES DE VERACRUZ SA DE CV,1937
SERVICIOS ADMINISTRATIVOS EL NERVIO,1938
OXITENO MEXICO SA DE CV,1939
"CEMENTOS APASCO,",1940
RICARDO GONZALEZ CUSTOMS BROKE,1941
DEFLERHR,1942
SMURFIT CARTON Y PAPEL DE ME,1943
ESSITY HIGIENE Y SALUD DE MEXICO SA,1944
ITC INTERNATIONAL INC,1945
GLOBAL FOREST,1946
SERVICARGO TULTITLAN,1947
PEROXYCHEM MEXICO S. DE R.L,1948
BULKMATIC DE MEXICO,1949
MEXICHFLUOR,1950
ING. JOSE A. GRANADOS PINEDA,1951
PRODUCTORA DE TRIPLAY SA DE CV,1952
CLARIAMEXSAD,1953
GOLDENTRIENE,1954
CONTROL CARGO INTERNACIONAL SA,1955
COMERCIALIZADORA COLUMBIA S.,1956
STRATEGIC MATERIALS INC,1957
RAVAGO GLOBAL TRADING,1958
SILOS MIGUEL ALEMAN,1959
"MAERSK MEXICO,S.A. DE C.V.",1960
COMCOLUMB/TL,1961
SERVICTULTIT,1962
CONSORCIO OPERADOR LIT SA DE C,1963
IMP Y DIST DE ALIMENTOS,1964
BAMBERGER POLYMERS DE MEXICO SA DE,1965
GUARDIINDLLC,1966
MET MEX PENOLES SA DE CV,1967
DESCONOCIDO,1968
QUINCY RECYC,1969
SACVCEMEXMEX,1970
BO,1971
AGENT KCSM,1972
JIM H WILSON LLC,1973
"A.A. CASA HOMS, SC.",1974
CORN SWEETNERS,1975
LA CUNA ENCANTADA SA DE CV,1976
BIOPAPPRI/PJ,1977
"SONORA S PLAN, S DE RL DE CV",1978
CERVECERIA MODELO SA DE CV,1979
KIMBERLY CLARK DE MEXICO SAB,1980
CELANEOPEMEX,1981
"OPERADORA DE GRANOS, S.A. DE C",1982
GRUPAPSCR/TV,1983
CEMOC SER ESPE,1984
PUNTO INTEGRADORA ESTRATEGICA SA DE,1985
MGPINGREDINC,1986
TALLERDEEQUI,1987
GERDAUMRMSTE,1988
SILICAESPSAD,1989
LOTE FSRR VACIO CHIAPA AUTOS,1990
"HARINERA LA ESPIGA, S.A. DE C.V.",1991
GANADEROS Y ASOCIADOS DE QUE,1992
CARGILINCWPL,1993
FERTILTEPEYA,1994
FORDMOTOR,1995
DR VAGON,1996
STEPANCDMSDE,1997
VINMAR OVERSEAS LTD (MEXICO),1998
COMERCIALIZADORA DE SEMILLAS CAMPO,1999
INGREDION MEXICO ALMER,2000
MEXICHEM DERIVADOS SA DE CV,2001
BH COMERCIALIZADORA SA DE CV,2002
ASMAQMEXSRL,2003
HJB QUIMICA INTERNACIONAL SA DE CV,2004
OWENS CORNING MEXICO S DE RL,2005
"ALMIDONES MEXICANOS, S.A. DE C.V.",2006
NOVACHEMICOR,2007
COQUES INDUSTRIALES,2008
CERVECERIA CUAUHTEMOC,2009
OXITENO MEXICO,2010
GRUPAPSCR/TE,2011
WESTROCK CP,2012
DEACERSAPI,2013
PELICULAS Y EMPAQUES ESPECIALES SA,2014
NUTRIMENTOS MINERALES SA DE CV,2015
KMTEX,2016
CERVMODE/JUL,2017
BATORYDEMEXI,2018
SCHETTINO HERMANOS S DE RL D,2019
TILH,2020
COOPERNATRES,2021
PCSSALUSA,2022
POLMEXSA/LRY,2023
MOLINOSANJOR,2024
PILGRIMS PRIDE,2025
BAMBERGER POLYMERS,2026
MDEACERSAPBO,2027
POLIOLES,2028
MUNSAMOLINOS,2029
INNOPHOS MEXICANA S DE RL DE C,2030
SOUTHERN POLYMERS,2031
CHANNEL PRIME ALLIANCE DE ME,2032
CARBONIFERA SAN PATRICIO,2033
KANSAS CITY SOUTHERN DE MEXICO S DE,2034
NATIONAL FIBER SUPPLY,2035
FRAALACOR/HU,2036
MAERSKMEX/VE,2037
SOLVAY CHEMICALS,2038
AMERICAN RAI,2039
OPERADORA DE GRANOS SA DE CV,2040
POLIMEROS MEXICANOS SA CV,2041
ALPS PACKAGING SYSTEMS,2042
BULKMA MEX S RL,2043
DOWCHEMICCAN,2044
BUNCOMSA/TLT,2045
TFVM/MEX,2046
CARTONPONSAD,2047
KCSM-INFRA,2048
FABRICA Y LA,2049
MARCOS M. PALACIOS,2050
INTERMODAL M,2051
MUNMOLSA/PAN,2052
BIOPAPEL,2053
LOTE FXE  CARGADO,2054
MALTA TEXO DE MEXICO,2055
CELLMARK,2056
KOBLENZ ELECTRICA,2057
HECPULGAR/CV,2058
AGENTE FXE.,2059
CIA HARINERA DE ORIENTE SA,2060
RESIRENESADE,2061
ALCOHOLERA DE ZAPOPAN SA CV,2062
NUEVA FABRICA NACIONAL DE VI,2063
UTLXSOPEMPRE,2064
KCSMVIASDEMA,2065
NADINTL,2066
"FERROCARRIL MEXICANO, S.A. DE",2067
RALOYLUBRICA,2068
X CHEM SA DE CV,2069
LUMIETRI DE MEXICO SA DE CV,2070
POETBIORELAK,2071
CELANESE OPERATIONS MEXICO S,2072
CERVECERIA YUCATECA SA DE CV,2073
AS MAQUILA MEXICO SDE RL DE,2074
SERVICARGO S.A.,2075
LOCOMOTORAS SAN LUIS,2076
ATTEBUGRALLC,2077
PROCTER & GAMBLE MANUFACTURA,2078
INGARMRUIMON,2079
HENKELCAPSAD,2080
GOLGRAENE/MA,2081
OWENS CORNING MEXICO,2082
EDUVILLAR/PI,2083
ZEPHYRGRECOF,2084
SOLQUIM SA DE CV,2085
A.A. EDUARDO VILLARREAL,2086
TEXMARK CHEMICALS,2087
VALERO REFINING COMPANY (INC,2088
PEROXYCHEM LLC,2089
FERTIREY,2090
CEMOCSER/VER,2091
CORP. ADUANA,2092
CERVECERIA YUCATECA SA DE CV.,2093
KCSMDISTRORI,2094
LONGINTEL/LJ,2095
INDUSTRIAL PATRONA SA DE CV,2096
AMERICAS STYRENICS DE MEXICO S,2097
BIO-PAPPEL PRINTING,2098
INTERNATIONAL PAPER MEXICO,2099
AGENTE.,2100
HARANAHUA/PA,2101
BRENNTMEXSAD,2102
EUROPLAST,2103
ARIROBATI/CE,2104
GREAT WESTERN MALTING,2105
PETROQMEXIC,2106
GATX LOGISTI,2107
FOODLINER MEXICO,2108
ABC COKE,2109
EMERSON MILLING INC,2110
POLIMEESPSAD,2111
FABRICA Y LABORATORIOS DE,2112
COMERCIALIZADORA SUAREZ VARGAS SA,2113
SANIPAP DE MEXICO SA DE CV,2114
POSSEHL SA DE CV,2115
DIAMONINTDEM,2116
ARIROBATI/IR,2117
RAMPA PANTACO KCSM,2118
GRAMOSA/PMA,2119
AGENTV,2120
CYPLUS IDESA SAPI DE CV,2121
FERTILSADECV,2122
INDELPRO SA DE CV,2123
CHRYSLER DE MEXICO,2124
HJB QUIMICA INTERNACIONAL,2125
CAFMEXICOSAD,2126
AUXSABLELIQU,2127
ING MIGUEL O,2128
COMPANIA CERVECERA DE ZACATE,2129
COMPANIA CERVECERA DE ZACATEV,2130
VOLKSWAGEN (AGENTE FSRR),2131
AEROPRES COR,2132
KCSMINFRAPAL,2133
ALMACENADORA DEL SUR SA CV,2134
COMERCIAL ABARROTERA GUMEN S,2135
AKRAPOLYESTE,2136
ALMMANGOL/SF,2137
SYRUS DISTRIBUTION SA DE CV,2138
CONSORCIO MI,2139
RESIRENE/PZC,2140
COMERCIAL FORRAJERA DE LAGOS,2141
CONSERVAS LA COSTE#A SA DE CV,2142
VIVERES ABASCAL S A,2143
CONPAPGRA/F,2144
INTERMSWITCH,2145
AMB AACION APODACA INDUST,2146
ALMACENAJES Y MANIBRAS INTEG,2147
INEOS AMERICAS LLC,2148
TALLERFERROM,2149
ENVASES AVANZADOS,2150
EMERSON MILL,2151
SILOSMIGALEM,2152
GENERAL PRODUCTS COMPANY,2153
EL LEON SA DE CV,2154
TOTALPETREFI,2155
ARCOSA INDUSTRIES DE MEXICO,2156
GENESIALKWYO,2157
WHITE SPRING,2158
MARCOS MANUEL PALACIOS M,2159
OXITENMEXSAD,2160
FORD MOTOR COMPANY SA DE,2161
INFRAEPORDEL,2162
ENVASES Y TAPAS MODELO S DE,2163
TRANSPORTES Y SERVICIOS INTEGR,2164
AHRTRKSTORAG,2165
DIGRAVA SA DE CV,2166
POLI RESINAS HUTTENES ALBERT,2167
DESADUGOL/VE,2168
CG UNIVERSAL WOOD SA DE CV,2169
DISSERLOG/TE,2170
ALMACENADORA REGIONAL MEXICANA,2171
GP CELLULOSE,2172
UNION PACIFIC,2173
TRASERINT/MT,2174
DAK AMERICAS INC,2175
JOHNSTOWN BEAN CO,2176
INTEPAPER/MO,2177
SILOSTYSASAD,2178
FINE PACKAGING,2179
INTERNPAPMEX,2180
DH,2181
CEMOCSER/LEO,2182
AGFSRR/SNA,2183
MONUMECHEHOU,2184
FARMERS RICE MILLING COMPANY,2185
COVIAHOLDING,2186
POLIMEROS SQ,2187
TERMEXGUE/MT,2188
ENVASES MULTIPAC,2189
KCSMDISTRESC,2190
TERNIUM MEXI,2191
PETROQUIMICA MEXICANA DE VINIL,2192
STEELDYNACOL,2193
UTLX SOPORTE EMPRESARIAL,2194
BODEGA AGRO LARO SA DE CV,2195
LAZC117,2196
ING ARMANDO RUIS MONDRAGON,2197
UTCOVERSEINC,2198
LOCOMOSANLUI,2199
SUPPLEO,2200
NETWORCROSER,2201
CSI DISTRIBU,2202
PEMEX REFINERIA,2203
VEOLIAESTECH,2204
EXXONMOBIL CHEMICAL COMPANY BRCP,2205
AMTEXCORPSAD,2206
INTERNPAPCOM,2207
INNOPHMEXSRL,2208
ARCELOCALSAD,2209
VITROSAB/TBC,2210
HYUNDAGLOMEX,2211
EP ENGINEERED CLAYS CORP,2212
TRANSILMEX,2213
LYONDELL CHEMICAL,2214
RAMPAKCSMMIN,2215
KCSMINFRABUC,2216
"PROCTER & GAMBLE MANUFACTURA,",2217
AGROINDELBAL,2218
ALLIANVALBEA,2219
KCSMINDESOLD,2220
EVRAZROCKMOU,2221
GTMINTERNLLC,2222
INTERCONTINENTAL TERMINALS COMPANY,2223
ALLIANCE VALLEY BEAN LLC,2224
HARINERA DE,2225
HONDADEMEXIC,2226
RAMPAKCSMSAL,2227
REGRESO TFVM,2228
QUERETENETER,2229
PROVISIONES SAMANO S A,2230
PARA COLUMBIA,2231
A COLUMBIA,2232
TERMINCARALT,2233
"FENO RESINAS, SA DE CV",2234
SCHETTHERSDE,2235
SAINT GOBAIN AMERICA SA DE CV,2236
AGNETE.,2237
STOLTNUSAINC,2238
ARKEMA INC,2239
FUNDICIONES,2240
INTERNPAPEMP,2241
