idTrenICHR,id
LMXDX05,0
IVM 05,1
TMXTEV-05,2
TMXHUI 06,3
DIRMX  06,4
OPM 04,5
DIRMX-03,6
DIRMX  03,7
TMXTEV 08,8
FXXMZ-08,9
FXXMZ 08,10
AIRMX-08,11
,12
LESMX09,13
AHM 08,14
DOJMX  10,15
TMA 02,16
APL 02,17
IMZMX  02,18
MLRMX-29,19
MLRMX29,20
IMZMX  12,21
MMYMX11,22
OPMQ 14,23
2LESMX13,24
XDIRMX 14,25
GVM 06,26
MMYMX06,27
MVCMX-08,28
MVCMX08,29
AOM-08,30
TMI 11,31
GKCMXI-28,32
DVM 17,33
TMI-08,34
FAZXX  01,35
RTOMX  12,36
LESMX15,37
MLRMX03,38
QCTIR-03,39
QCTIR 03,40
QCM-06,41
TMI 04,42
IVM-31,43
IVM 31,44
LESMX12,45
IMIMX  09,46
IVM-07,47
LESMX03,48
RTOMX  14,49
TMXTEO 01,50
DIRMX  01,51
APL 03,52
TMI-15,53
IMZMX  15,54
IVM 07,55
DTM 07,56
ILZPN211,57
MLRMX11,58
GKCMXI-17,59
IMIMX  06,60
FXXMZ-11,61
RTOMX  09,62
GMAMX  15,63
APL 10,64
TMT 10,65
GSFMX  08,66
FXXMZ-02,67
TMT-03,68
DOM 07,69
DIRMX-09,70
RTOMX  01,71
MLRMX05,72
IVM-04,73
XDGDMX 15,74
QCTIR-30,75
LESMX08,76
FXXMZ 11,77
LMXXI11,78
AVM-04,79
TMTQ-13,80
QCTIR-12,81
OJM 01,82
QCTIR 15,83
GVM 15,84
GVM 09,85
DIRMX-12,86
MLRMX02,87
TMXTEO 11,88
IVM-11,89
IVM 11,90
DIRMX  07,91
AOM 08,92
DIRMX  09,93
QCTIR 12,94
TMXTEO-07,95
DIRMX  15,96
IMZMX  08,97
RTOMX  07,98
MVCMX-12,99
AHM 10,100
DIRMX  12,101
ILZPN12,102
ILZPN208,103
2TMI-11,104
IMZMX  11,105
DTM 12,106
MVCMX-15,107
OPM 16,108
QOM-01,109
TMEQ 10,110
AVM 09,111
LESMX11,112
QCTIR-09,113
TPJM-13,114
AHM-04,115
IMZMX  07,116
DJZMX  05,117
FMZXX  13,118
IMIMX  08,119
MMYMX-13,120
MMYMX13,121
DOM 01,122
FXXMZ 05,123
LMXDX10,124
IMIMX  05,125
IVM 01,126
MMYMX15,127
AVM 15,128
LMXXI13,129
GVM 01,130
IMIMX  29,131
FXXMZ-13,132
TPJM 13,133
TMXTE 13,134
LESMX05,135
MLRMX-08,136
IVM-10,137
ILZPN2-09,138
QCTIR 09,139
TPJM-16,140
OPMQ 08,141
APL 05,142
IMZMX  05,143
MLRMX08,144
TMXTEO-16,145
GVM 12,146
IVM 04,147
AVM 04,148
TMXTEO-04,149
ILZPN206,150
GJZCX  04,151
IVM-13,152
TMI 13,153
GKCMXI-07,154
LMXXI04,155
QCTIR-13,156
IMIMX  02,157
LMXDX08,158
TMI 16,159
MLRMX14,160
IMIMX  28,161
DIRMX  11,162
TMXHUI 11,163
ILZPN209,164
2TMI 04,165
TMXTEO 04,166
IVM 13,167
MVCMX12,168
IMZMX  13,169
LESMX13,170
IVM 16,171
IVM 10,172
TMI-10,173
TMXTEV 10,174
MVCMX-01,175
2MLRMX31,176
TMT-12,177
LMXXI16,178
CBJZCX-03,179
IMZMX  16,180
APL 16,181
IMIMX  13,182
QCTIR 31,183
FMZXX  08,184
TMXHUI 16,185
AOM 04,186
RTOMX  30,187
3TMI 13,188
DIRMX  16,189
TMTQ 06,190
DIRMX-05,191
ILZPN03,192
TMXHUI-04,193
2MLRMX12,194
XIMZMX-02,195
DIRMX  02,196
DPMQ 10,197
AHM 15,198
TMTQ-17,199
IMZMX 13,200
TMXHUI 13,201
GNLMX04,202
MLRMX10,203
DIRMX  05,204
FMZXX-09,205
AIRVC-13,206
DOM 16,207
TMTQ 17,208
FMZXX  03,209
GVM 16,210
MLRMX12,211
DCM 12,212
QCTIR 13,213
TMEQ 12,214
QCTIR 16,215
IMIMX  10,216
DIRMX  08,217
GVMQ 11,218
XRTOMX 03,219
TMTQ 06M,220
QCTIR 05,221
GVM 13,222
TMT-14,223
DPNMX  30,224
XDGDMX 04,225
XIMZMX 02,226
MVCMX01,227
TMEQ-17,228
ILZPN15,229
LMXDX12,230
RTOMX  06,231
DCM 04,232
ILZPN-15,233
LESMX16,234
ILZPN204,235
IMZMX-10,236
LESMX10,237
AVM 11,238
IVM 12,239
GVM 04,240
2IVM 12,241
QCTIR 11,242
IVM-14,243
TMXTEO 14,244
IVM 14,245
OPMQ 03,246
QCTIR 02,247
MVCMX03,248
XDIRMX-04,249
TMT 02,250
MMYMX30,251
2GVM 01,252
AHM 12,253
XRSJMX 12,254
AHM 31,255
ILZPN2-04,256
AHM 04,257
ILZPN-13,258
LMXDX14,259
ILZPN13,260
ILZPN-16,261
GJVMXI-05,262
AOM 06,263
ILZPN-05,264
ILZPN05,265
QCM 08,266
RTOMX  13,267
XDIRMX-03,268
TMXTEV 12,269
IMZMX 10,270
GVMQ 10,271
DIRMX-13,272
MMYMX16,273
LESMX04,274
2ILZPN209,275
DIRMX-10,276
LMXXI06,277
DIRMX  13,278
IVM-17,279
TMI 02,280
LMXXI02,281
AHM 06,282
GVM 07,283
OPM 12,284
IMZMX 14,285
LESMX14,286
IVM 17,287
MLRMX-15,288
LESMX17,289
IMIMX  04,290
LMXXI 02,291
GVM 02,292
MSLMX-04,293
XDIRMX 04,294
TMT-05,295
MSLMX04,296
XDIRMX 03,297
IVM-03,298
MLRMX-31,299
LMXDX03,300
DCM 10,301
TMT-11,302
DIRMX  10,303
GVM 18,304
GVM 08,305
IVM-06,306
2TMI 06,307
TMXTEO-06,308
DVM 06,309
MLRMX30,310
OPMQ 05,311
IMZMX-12,312
DOM 12,313
TMA 09,314
IVM 06,315
IMIMX 11,316
FXXMZ 07,317
MMYMX10,318
TMTQ-19,319
LMXXI18,320
TMA 05,321
TMEQ-05,322
AVM-03,323
IVM 03,324
TMEQ 03,325
MLRMX31,326
QCTIR 19,327
APL-19,328
TMEQ 19,329
LESMX18,330
VSLMX08,331
ILZPN20,332
ILZPN2-20,333
TMT-22,334
IMZMX-21,335
ILZPN220,336
IMZMX  21,337
DIRMX  04,338
GVMQ 14,339
MLRMX17,340
XDIRMX 19,341
OPJM 09,342
MMYMX08,343
QCTIR-10,344
QCTIR 10,345
ILZPN04,346
GVMQ 04,347
XDGDMX 21,348
ILZPN3-18,349
APL-20,350
TMI 20,351
TMXTEO 20,352
IVM-20,353
GVM 19,354
FXXMZ 02,355
2MLRMX30,356
TMXTEV 03,357
TMXTEO 06,358
LESMX07,359
DPM 15,360
TMTQ 15,361
IVM-09,362
MLRMX07,363
IVM 20,364
AOM 10,365
ILZPN2-05,366
ILZPN205,367
MLRMX04,368
DIRMX  21,369
TMA 22,370
LMXXI20,371
ILZPN217,372
TMA 15,373
DCM 13,374
GVM 14,375
TMXTEO 02,376
DCM 20,377
LMXXI09,378
ILZPN-04,379
AVM 03,380
FMZXX-02,381
2IVM-20,382
2GVM 10,383
ILZPN2-17,384
OJM 19,385
TMEQ 15,386
MLRMX13,387
IVM 09,388
QCTIR-04,389
QCTIR 04,390
MLRMX09,391
TMXHUI-02,392
QCTIR 01,393
OPMQ 06,394
OPMQ 22,395
TMTQ-08,396
AOM 20,397
2IVM 20,398
TMXTEO-09,399
TMI-09,400
TMXTEO 09,401
LMXDX19,402
IVM 19,403
MMYMX04,404
TMEQ 08,405
ILZPN-07,406
QCTIR 07,407
QCTIR 18,408
TMXTE  19,409
LESMX02,410
ILZPN-14,411
QCTIR 22,412
ILZPN07,413
MMYMX07,414
TMXHUI-09,415
MVCMX-19,416
AHM 19,417
LESMX19,418
LESMX21,419
FAZXX-20,420
MMYMX21,421
TMI 03,422
TMA 11,423
2MLRMX21,424
LMXDX15,425
AIRVC  09,426
IVM-22,427
MLRMX20,428
MMYMX02,429
IMZMX  06,430
LESMX06,431
ILZPN2-10,432
TPJM-11,433
ILZPN17,434
MLRMX06,435
MMYMX24,436
OPJM-25,437
LESMX26,438
APL 26,439
IMZMX-20,440
IMZMX 20,441
IMZMX  03,442
AIRVC  05,443
QCTIR-14,444
IVM 22,445
MVCMX-22,446
DIRMX-23,447
DCM 22,448
ILZPN218,449
MMYMX18,450
TMI 26,451
MLRMX24,452
LESMX22,453
IMIMX  30,454
LESMX20,455
RTOMX  19,456
QCTIR 26,457
MMYMX-27,458
MMYMX27,459
MVCMX05,460
2MMYMX05,461
TMXTEV-22,462
LMXXI25,463
IVM-15,464
MMYMX14,465
ILZPN31,466
TMTQ 04,467
TMXTEO-28,468
2TMI-22,469
IVM-02,470
DTM 29,471
DIRMX  29,472
QCTIR 14,473
TMXTEV 15,474
GJVMXI09,475
GSFMX-22,476
TMTQ-24,477
TMTQ 24,478
DIRMX  23,479
AVM 30,480
RTOMX  05,481
IVM-28,482
TMT 30,483
RTOMX  28,484
QCTIR 21,485
IVM 15,486
GSLMX-26,487
APL 30,488
FXXMZ-31,489
FXXMZ 31,490
LESMX29,491
DPMQ 24,492
FAZXX-28,493
TMXTEV 31,494
DOM 15,495
RTOMX  21,496
DPMQ 19,497
TMXTE 25,498
AHM 24,499
IMIMX  17,500
DIRMX-26,501
MLRMX27,502
AVM 23,503
TMEQ 31,504
XDIRMX 27,505
2IVM-28,506
AVM-28,507
IVM 28,508
GKCMXI20,509
2TMI 19,510
AVM-25,511
APL 23,512
QCTIR-23,513
TMI-31,514
LESMX-31,515
DCM 14,516
AVM 22,517
GSFMX  22,518
IMZMX  18,519
LESMX31,520
IGDMX  06,521
AHM 21,522
XDGDMX 25,523
APL 31,524
TMT-01,525
DIRMX-31,526
AHM-28,527
2GVM 29,528
IMZMX  29,529
IMNMX-24,530
IMZMX-22,531
IMNMX  24,532
DCM 18,533
2GVM 02,534
TMXHU  20,535
TMT-21,536
RTOMX  25,537
TMEQ 02,538
IVM-24,539
QCTIR 23,540
DIRMX  31,541
MVCMX-02,542
TMTQ 23,543
QCTIR 29,544
DIRMX-20,545
MLRMX-22,546
2GVM 23,547
MVCMX-29,548
MVCMX-31,549
FEGXX  01,550
RTOMX  18,551
TMI-25,552
AVM 25,553
VSLMX-03,554
DOM 29,555
IMZMX  26,556
IMZMX  22,557
OPM 23,558
TMXTEO 03,559
2TMI 01,560
MMYMX-31,561
QCTIR-31,562
IMZMX-29,563
MVCMX26,564
OPJM-27,565
IMZMX-26,566
QCTIR 24,567
VSLMX03,568
DTM 02,569
TMEQ 24,570
IVM 24,571
MVCMX-24,572
3GVM 29,573
MLRMX19,574
IMIMX  15,575
DJZMX-24,576
MMYMX-22,577
TMI 23,578
MMYMX22,579
DPM 23,580
IMIMX  26,581
LMXDX02,582
2IVM 28,583
AVM 28,584
AIRVC  02,585
DOM 25,586
DPNMX  23,587
OPJM-23,588
TMXTEO 23,589
MLRMX22,590
TMXHUI  34,591
DTM 03,592
MMYMX-01,593
MMYMX31,594
AIRVC-21,595
DIRMX  20,596
LMXXI27,597
OPM 27,598
GVM 23,599
MLRMX18,600
RTOMX  27,601
QCTIR 20,602
OPJM-30,603
MMYMX29,604
TMI 27,605
TMEQ-04,606
GVM 25,607
SRS-138,608
LMXXI23,609
GVM 31,610
IMZMX  19,611
AVM 19,612
TMXTEV 24,613
LMXDX21,614
MMYMX01,615
LESMX23,616
APL 25,617
DPM 25,618
LMXDX24,619
FXXMZ-27,620
MMYMX26,621
OPMQ 02,622
VESMX23,623
IVM-21,624
LESMX27,625
DCM 25,626
LMXXI30,627
DPMQ 04,628
LESMX28,629
TMXTEO  21,630
GGDMX  01,631
OPJM-01,632
MLRMX21,633
TMT-20,634
MLRMX01,635
LMXDX04,636
IVM 21,637
DCM 30,638
TIM 24,639
DIRMX-19,640
TMXTEO 30,641
DOM 28,642
GJZCX  26,643
APL 27,644
AIRVC  27,645
DOM 27,646
MLRMX23,647
TMXHUI 25,648
LESMX24,649
TMXHUI 23,650
TMI 30,651
ILZPN-24,652
ILZPN24,653
FMZXX-28,654
AIRVC 30,655
TMXHUI 30,656
LMXXI01,657
MMYMX20,658
DIRMX  19,659
IMZMX  27,660
IMIMX  20,661
OPM-04,662
IVM-01,663
MLRMX-30,664
LESMX-01,665
DVM 21,666
DIRMX-27,667
APL 20,668
MMYMX 19,669
2GNLMX22,670
IVM 30,671
MLRMX28,672
OPM 20,673
ILZPN26,674
DIRMX  27,675
2DTM 03,676
MMYMX23,677
RTOMX  23,678
IMIMX  01,679
TMTQ-26,680
TMTQ 26,681
QCTIR-25,682
RTOMX  20,683
2MVCMX-26,684
LESMX01,685
QCTIR-19,686
APL-05,687
AIRVC  24,688
CUPNTL 30,689
DIRMX-04,690
TPJM-20,691
LESMX25,692
TMA 26,693
LESMX30,694
AHM 29,695
TMXHUI 27,696
2MVCMX26,697
DIRMX 04,698
MLRMX25,699
DPM 21,700
DCM 06,701
APL 07,702
AVM 24,703
MMYMX-03,704
RTOMX  29,705
TMTQ-05,706
OPM 05,707
QCTIR-07,708
QCTIR 25,709
LMXDX28,710
2TMI-06,711
2MLRMX02,712
ICGMX  01,713
FCGXX  24,714
GVM 30,715
TMXHUI 01,716
XRTOMX 31,717
MMYMX03,718
QCTIR-26,719
IMZMX  25,720
2APL 05,721
MMYMX-07,722
FMZXX-06,723
2MSLMX05,724
MLRMX-05,725
TMI 08,726
DJM 05,727
WAIRMX 06,728
TMXTEV 02,729
MRYMXW23,730
TPJM-04,731
IMZMX-28,732
IMZMX  28,733
DIRMX  24,734
MLRMX-02,735
2MLRMX01,736
INEMX  01,737
DIRMX-01,738
RTOMX  08,739
DIRMX-30,740
DIRMX  30,741
QCM 05,742
IMIMX  03,743
TMXTEV 05,744
APL 09,745
XDGDMX 28,746
IVM 08,747
OPMQ 31,748
GVM-05,749
GVM 05,750
INEMX 01,751
TMXTEO 08,752
LMXDX26,753
IMZMX-25,754
MLRMX-26,755
GVM 28,756
LMXXI08,757
2GVM 05,758
ISJMX  01,759
MMYMX25,760
TMXHUI-06,761
DIRMX-06,762
TMTQ 10,763
TMA 31,764
TPJM-08,765
DTM 10,766
DVM 04,767
RTOMX  10,768
IMZMX  04,769
RTOMX  03,770
CBPNTL 06,771
MVCMX09,772
QCTIR 30,773
MLRMX26,774
LMXXI10,775
APL 11,776
OPM 25,777
RTOMX  04,778
IVM 02,779
ILZPN2-21,780
ILZPN-30,781
TMTQ-07,782
ILZPN30,783
LESMX-08,784
TMI 10,785
TMXTE  10,786
AIRVC-11,787
GKCMXI28,788
DOM 02,789
2TMI-08,790
MMOMX12,791
TMA 29,792
TMTQ-29,793
QCTIR-28,794
QCTIR 28,795
VNLMX10,796
MMYMX28,797
2TMI-08M,798
APL 08,799
TMXHUI 08,800
MSLMX-08,801
GTPMX 11,802
FXXMZ 04,803
MMYMX09,804
2MLRMX09,805
DCM 09,806
TMTQ-09,807
DIRMX-08,808
DIRMX-28,809
TMTQ-12,810
ILZPN-03,811
TMTQ 12,812
MMYMX-10,813
OPMQ 26,814
DIRMX-02,815
TMTQ 09,816
TMXTE  29,817
MLRMX-11,818
TMTQ 07,819
QCTIR-06,820
DJZMX  03,821
TMA 12,822
OPJM 10,823
QCTIR 06,824
FJSXX-10,825
TMEQ 09,826
AVM 08,827
TMXTEV 14,828
TMXHUI 10,829
XIMZMX-13,830
QCTIR-08,831
IMZMX-02,832
QCTIR-02,833
AVM 13,834
XIMZMX 13,835
QCTIR 08,836
AVM 10,837
ILZPN2-22,838
WACEMX 29,839
DIRMX  28,840
2MLRMX05,841
TMEQ 07,842
TMA 07,843
TMI 14,844
TMTQ-31,845
LMXDX31,846
AHM 05,847
OPM 07,848
LMXDX09,849
APL 13,850
TMXTEV 26,851
MMYMX-06,852
LMXDX07,853
DPNMX  11,854
FXXMZ-06,855
2IVM 09,856
GNLMX22,857
OPJM-03,858
OPMQ 12,859
ILZPN29,860
ILZPN222,861
TMEQ 29,862
TMI-29,863
ILZPN23,864
GVM 29,865
TMXTEV-09,866
TMTQ-03,867
XDIRMX 13,868
3GVM 05,869
APL 29,870
INEMX  10,871
2INEMX  10,872
AHM 28,873
AHM-10,874
TMTQ 31,875
IMIMX  12,876
FAZXX-16,877
APL 14,878
DPMQ 14,879
TMTQ 03,880
2MLRMX08,881
FXXMZ 15,882
XIGDMX 14,883
MVCMX-16,884
LMXXI17,885
DCM 08,886
TMI 09,887
DCM-14,888
APL-15,889
MVCMX07,890
TMXTEV 07,891
QCTIR-11,892
DIRMX-15,893
LMXXI03,894
AVM 14,895
MVCMX-14,896
TMTQ-15,897
TMEQ-11,898
LMXDX11,899
DIRMX 10,900
APL 15,901
DIRMX 14,902
2MMYMX09,903
DVM 26,904
DOM 09,905
LMXDX16,906
DIRMX  14,907
2MLRMX15,908
DIRMX-18,909
TMT-19,910
DIRMX  18,911
TMXTEO 17,912
TMI-12,913
DOMQ 13,914
APL-16,915
2TMI-20,916
2APL 19,917
DTM 17,918
IVM 26,919
ILZPN2-18,920
IGDMX-11,921
IGDMX  11,922
IMZMX  20,923
TMEQ 16,924
DGDMX  11,925
TMXTEV 16,926
TMXTEO-11,927
3ILZPN-17,928
TMXHUI 20,929
RTOMX 05,930
UMYJN-14,931
RTOMX  15,932
3ILZPN17,933
IVM-19,934
IMZMX  17,935
AIRVC  17,936
APL 21,937
TMI 21,938
TMI 06,939
FXXMZ-20,940
AIRVC  07,941
SERV.21-24,942
DOM 23,943
TMXTEV 19,944
APL 19,945
FAZXX  21,946
FXXMZ 16,947
IMIMX 17,948
MMYMX-14,949
TPJM-15,950
LMXXI15,951
FXXMZ 17,952
TMT-17,953
DIRMX-16,954
ASLMX-13,955
AVM-07,956
TMT-08,957
TMEQ 21,958
LESMX 16,959
QCTIR-15,960
IMZMX 17,961
TMI-26,962
IMIMX  22,963
FXXMZ 12,964
AVM 07,965
2DOM 23,966
DIRMX 20,967
ASLMX13,968
TMA 17,969
TMXHUI 17,970
RTOMX  11,971
OPJM-13,972
TMXTEO-13,973
IMZMX  24,974
2MMYMX22,975
AOM 19,976
IMIMX  16,977
CBPNTL 13,978
TMT 13,979
IMIMX-20,980
APL 22,981
FMZXX  23,982
OPMQ 21,983
IVM-16,984
MLRMX15,985
TMI 15,986
TMXTEO-15,987
IMIMX 13,988
OPMQ 13,989
QCTIR-24,990
FMZXX  12,991
MLRMX-20,992
QCTIR-21,993
TMT 27,994
IMIMX  23,995
2MLRMX24,996
LMXDX25,997
ILZPN-20,998
TMTQ 18,999
ILZPN16,1000
MLRMX16,1001
GKCMXI-08,1002
2IVM 15,1003
AHM 26,1004
AVM-21,1005
OPMQ 20,1006
OPJM-28,1007
TMXTEV 28,1008
ILZPN-21,1009
DJM 22,1010
GKCMXI-04,1011
TMXTEV 21,1012
OPMQ 24,1013
ILZPN27,1014
OPJM-21,1015
FXXMZ-22,1016
TMXTEO 22,1017
IMZMX-15,1018
LESMX-14,1019
TMXHUI-15,1020
LESMX-15,1021
2MLRMX19,1022
FXXMZ 22,1023
LMXXI22,1024
QCTIR-17,1025
AVM 16,1026
TMI 17,1027
DOM 21,1028
TMI-28,1029
APL 01,1030
OJM-22,1031
DJZMX  25,1032
IVM-25,1033
IVM-18,1034
QCTIR 17,1035
AIRVC  21,1036
MMYMX-23,1037
MMYMX-16,1038
OPJM-17,1039
DVM 16,1040
MMYMX-17,1041
IVM 18,1042
IMZMX  01,1043
ILZPN228,1044
XRTOMX 28,1045
FVM 03,1046
GKCMXI13,1047
IMZMX-23,1048
GSFMX  11,1049
MMYMX17,1050
2MLRMX-21,1051
AGDMX-25,1052
GKCMXI09,1053
2ILZPN-23,1054
TMI 24,1055
LMXXI24,1056
XRTOMX 21,1057
FMZXX  19,1058
AOM 03,1059
TMT-02,1060
2MMYMX28,1061
DIRMX  26,1062
TMXHUI-22,1063
APL-22,1064
DCM 17,1065
IMIMX 26,1066
RTOMX  17,1067
GNLMX-11,1068
TIM 20,1069
DTM 25,1070
AIRVC-28,1071
FXXMZ 28,1072
AVM 27,1073
OPJM-24,1074
TMXTEO 24,1075
MLRMX 17,1076
2AVM 25,1077
FAZXX  26,1078
AHM-24,1079
MVCMX-26,1080
QCTIR-22,1081
ILZPN22,1082
TMI 18,1083
DOM 18,1084
AIRVC  03,1085
AHRVC-22,1086
TMI-27,1087
ILZPN01,1088
IMIMX  19,1089
ILZPN-01,1090
WAIRMX 18,1091
2ILZPN17,1092
DTM 24,1093
CBPNCX 18,1094
TMEQ 23,1095
FXXMZ-03,1096
DIRMX-22,1097
FXXMZ-04,1098
OPMQ 23,1099
DIRMX  22,1100
MMYMX-19,1101
TMXHUI 03,1102
CBPNCX-02,1103
MMYMX19,1104
IVM 23,1105
LMXDX23,1106
2MLRMX27,1107
QCTIR-27,1108
DTM 23,1109
LMXXI-27,1110
TMXTEV 23,1111
TMA 01,1112
MLRMX-01,1113
TMXTEO 05,1114
IMIMX  14,1115
GVM 03,1116
QCTIR 27,1117
2AVM-04,1118
MLRMX-28,1119
TMTQ 14,1120
ILZPN08,1121
TMEQ 14,1122
2AVM 04,1123
DPM 05,1124
ILZPN224,1125
IVM 25,1126
FXXMZ 24,1127
DPNMX  02,1128
OPMQ-03,1129
TMXTEO 27,1130
2IVM 01,1131
TMI-06,1132
DPM 14,1133
TMI 05,1134
TMI 01,1135
2AVM 06,1136
MMYMX-28,1137
TMXTEO-01,1138
ILZPN-02,1139
2LESMX-25,1140
2LESMX25,1141
IVM-27,1142
IVM 27,1143
TMXHUI13,1144
LESMX-07,1145
TMXHUI 24,1146
FMZXX-05,1147
RTOMX 06,1148
BMYBV05,1149
FVM 04,1150
APL-08,1151
IMIMX-22,1152
TMT-26,1153
DIRMX-07,1154
IMIMX  21,1155
MMYMX05,1156
AVM-08,1157
TMXTEO 10,1158
VMTMX-01,1159
AHM-08,1160
MMYMX-09,1161
DIRMX-11,1162
AOM 07,1163
TMXHU 13,1164
DOM 06,1165
ILZPN14,1166
DTM 08,1167
MMYMX-08,1168
MMYMX12,1169
MVCMX-07,1170
DIRMX 07,1171
DPNMX  06,1172
FXXMZ-14,1173
2MLRMX-11,1174
GNLMX10,1175
FXXMZ-07,1176
AOM-15,1177
AVM 06,1178
TMI-14,1179
TMXTEO-08,1180
OPJM 08,1181
TMTQ-25,1182
TMTQ 25,1183
DIRMX-24,1184
IMZMX-24,1185
2AVM 15,1186
TMXTEO 15,1187
OPMQ-15,1188
ILZPN06,1189
2IVM-15,1190
LESMX 14,1191
2MLRMX11,1192
FAZXX-11,1193
MMYMX-11,1194
IMZMX 09,1195
IMZMX  09,1196
2APL-17,1197
2DTM 17,1198
TMXTEV 09,1199
DIRMX  25,1200
2APL 15,1201
LMXDX18,1202
FVM 17,1203
AIRVC  08,1204
TMT-07,1205
XRTOMX 14,1206
TMT-09,1207
DPNMX  12,1208
2TMI 16,1209
FXXMZ-10,1210
FXXMZ 20,1211
OPJM-12,1212
IMZMX  10,1213
TMXHU  10,1214
FVM 10,1215
XDIRMX-07,1216
ILZPN25,1217
TMEQ 26,1218
MLRMX-10,1219
TMXTEV-12,1220
DIRMX  17,1221
XDIRMX 10,1222
ILZPN-25,1223
TMT 16,1224
2ILZPN14,1225
TMTQ 20,1226
IMIMX  07,1227
2TMI-16,1228
DTM 15,1229
TMIQ 14,1230
ILZPN-09,1231
DTM 09,1232
ILZPN11,1233
TMXTEV-26,1234
OPMQ-18,1235
VNLMX-19,1236
VNLMX-08,1237
GVM-09,1238
FMZXX-15,1239
TMXTE  20,1240
DTM 13,1241
XDIRMX 07,1242
FXXMZ-21,1243
LMXXI 20,1244
DTM 19,1245
ILZPN19,1246
2DTM-19,1247
2DTM 19,1248
2TMI 20,1249
TPJM 14,1250
LESMX-10,1251
2ILZPN10,1252
TMI-21,1253
AVM 20,1254
FXXMZ 21,1255
OPMQ 07,1256
DTM 06,1257
2DTM 13,1258
SERV.21-15,1259
APL-21,1260
OPJM 07,1261
DPMQ 11,1262
OOM 25,1263
SERV.21-05,1264
SERV.21-03,1265
DOM 14,1266
3ILZPN10,1267
FAZXX  22,1268
VNLMX08,1269
APL-17,1270
LESMX-16,1271
IMZMX-14,1272
ILZPN225,1273
ILZPN10,1274
AIRVC-14,1275
IMZMX  14,1276
AIRVC  11,1277
TMTQ 22,1278
OPM 21,1279
2TMI 24,1280
DIRMX-21,1281
FVM 11,1282
RTOMX  26,1283
QCTIR-16,1284
MMYMX-20,1285
AVM-22,1286
ILZPN21,1287
MLRMX-19,1288
MMYMX-21,1289
FMZXX-22,1290
TMEQ-12,1291
DTM 22,1292
FVM-25,1293
MLRMX-14,1294
RTOMX  24,1295
TMI 22,1296
OPJM-22,1297
MVCMX23,1298
IMIMX  24,1299
GNLMX-20,1300
FVM 25,1301
TMTQ-23,1302
TMXTEV-23,1303
OPM 26,1304
QCM 11,1305
AOM-22,1306
DIRMX-25,1307
FXXMZ-25,1308
ILZPN-12,1309
AOM 22,1310
TMT-18,1311
TFVM042925,1312
APL 12,1313
CUPNTL 21,1314
FXXMZ-26,1315
TMXTE  26,1316
TMEQ-28,1317
2MMYMX-25,1318
TMI 29,1319
APL 28,1320
DVM 18,1321
MVCMX30,1322
LESMX-24,1323
ILZPN2-26,1324
ILZPN226,1325
QCM-26,1326
TMXHUI 29,1327
GKCMXI15,1328
AIRVC  22,1329
DJZMX  27,1330
QCM 26,1331
2GVM 31,1332
APL-26,1333
FMZXX-16,1334
TMTQ-28,1335
TMEQ 28,1336
OPMQ 28,1337
TMXTEO 18,1338
OPMQ-13,1339
MVCMX-28,1340
DPM 28,1341
APL-24,1342
DOM 24,1343
QTM 29,1344
XDGDMX 29,1345
MLRMX-27,1346
2DTM 01,1347
APL 24,1348
QCTIR-01,1349
TMI 28,1350
MVCMX16,1351
IMZMX-18,1352
APL-29,1353
XIGDMX 24,1354
FVM-28,1355
AVM 26,1356
TMTQ 28,1357
DIRMX-29,1358
AVM 17,1359
FAZXX  17,1360
VNLMX-28,1361
TMTQ-01,1362
TMTQ 01,1363
LMXDX01,1364
OPMQ 01,1365
CBPNTL 11,1366
MVCMX-30,1367
ILZPN02,1368
VNLMX28,1369
VMTMX15,1370
ILZPN-31,1371
3GVM-29,1372
XDIRMX 30,1373
OPMQ 25,1374
VNLMX-30,1375
ILZPN-29,1376
MMYMX-29,1377
OPM 03,1378
DOM 05,1379
TMI-05,1380
SERV.23-06,1381
TMT 06,1382
MMYMX-24,1383
OPJM 30,1384
QCM 25,1385
2ILZPN-24,1386
FXXMZ 25,1387
2ILZPN24,1388
TMXTEO-25,1389
FCGXX 01,1390
TMA 24,1391
DTM-05,1392
TMXTE  27,1393
TMXTEO-03,1394
MMYMX-05,1395
XRTOMX 04,1396
TMXTEV 30,1397
2TMI 03,1398
IMZMX  30,1399
2IVM 30,1400
DTM 26,1401
2APL 03,1402
XDGDMX 06,1403
GKCSJI04,1404
LMXDX06,1405
MLRMX-23,1406
VNLMX-25,1407
2MMYMX25,1408
TMXTE  06,1409
TMXTEO 07,1410
RTOMX  02,1411
WMC 07,1412
IMIMX  27,1413
OPMQ 30,1414
MVCMX06,1415
FMZXX  05,1416
TMEQ 04,1417
LMXXI07,1418
OPMQ 04,1419
VNLMX03,1420
TMA 04,1421
APL 06,1422
FXXMZ 01,1423
FVM 01,1424
TMI 07,1425
2APL 08,1426
LMXXI-31,1427
QTM-30,1428
2IVM-06,1429
GKCMXI19,1430
MVCMX02,1431
TMTQ 02,1432
LPNDX06,1433
VMTMX-02,1434
2IVM 06,1435
AOM 13,1436
ILZPN-22,1437
TMXHUI 07,1438
TMXTEV 04,1439
TMEQ 06,1440
AIRVC-04,1441
LESMX-06,1442
2ILZPN-07,1443
2ILZPN07,1444
MVCMX-04,1445
TMA 10,1446
DTM-07,1447
DTM-08,1448
2MVCMX-06,1449
GKCMXI-06,1450
IMIMX 04,1451
DJZMX  06,1452
FXXMZ 06,1453
TMA 08,1454
DVM 23,1455
3GVM-09,1456
4GVM 09,1457
MLRMX-21,1458
XIGDMX 11,1459
2TMI-09,1460
GSFMX-08,1461
FMZXX-10,1462
GKCMX23,1463
DTM 27,1464
DTM 18,1465
2VNLMX03,1466
AVM-30,1467
OPMQ 09,1468
MLRMX-06,1469
OOM 28,1470
2MVCMX06,1471
IVM-08,1472
OPJM-08,1473
QTM-09,1474
TMTQ 29,1475
MVCMX-11,1476
TMEQ 13,1477
GVM-07,1478
QTM-08,1479
GVM-08,1480
QTM 09,1481
LMXXI29,1482
FXXMZ-09,1483
LMXXI12,1484
AVM-11,1485
AIRMX  10,1486
DTM 01,1487
ILZPN-11,1488
QTM-11,1489
IMZMX 08,1490
QTM 08,1491
TMEQ 11,1492
TMXTEO-02,1493
TMXTEO 29,1494
GVM 11,1495
TMTQ-11,1496
OPJM-11,1497
AVM-14,1498
2APL 14,1499
TMXTE 09,1500
TMI 12,1501
QTM 11,1502
AIRVC  14,1503
GVM 10,1504
QTM-16,1505
VNLMX13,1506
ILZPN18,1507
DJZMX  17,1508
AOM-14,1509
TMXHU  17,1510
TMXTEV-11,1511
TMXTEO 13,1512
GVM-14,1513
GKCMX24,1514
RTOMX  16,1515
2GVM 09,1516
2TMI 12,1517
TMXTEO 12,1518
APL 18,1519
TMT-15,1520
QTM 14,1521
TMXHUI-14,1522
2IVM-18,1523
MVCMX-18,1524
APL-13,1525
LMXDX13,1526
DIRMX-14,1527
APL 17,1528
2DTM-18,1529
2IVM 18,1530
2DTM 18,1531
DTM 11,1532
QTM 12,1533
MVCMX-13,1534
LMXXI19,1535
QTM-19,1536
OPJM 13,1537
ILZPN-18,1538
OPMQ 15,1539
QTM 19,1540
TMXTEV-20,1541
TMI-19,1542
TMXTEO 19,1543
DVM 12,1544
AVM 21,1545
TMXHUI 12,1546
TMI-20,1547
AOM 21,1548
TMT 05,1549
DTM-12,1550
OPJM 15,1551
AIRVC  19,1552
IMIMX 18,1553
2TMI-12,1554
DTM-14,1555
DTM 20,1556
AVM 05,1557
TMXTEV 13,1558
TMXHU  19,1559
2GVM 19,1560
2DTM 14,1561
IMZMX  23,1562
TMEQ-20,1563
OPJM-05,1564
LMXXI05,1565
2AVM-21,1566
2TMI 23,1567
2AVM 21,1568
IMIMX  11,1569
2LMXXI21,1570
WATOMX-18,1571
3GVM 23,1572
RTOMX  22,1573
2GVM 15,1574
TMTQ-16,1575
IVM-05,1576
TMXTEO-05,1577
TMEQ-16,1578
AHM 14,1579
3GVM 15,1580
MLRMX-13,1581
2MVCMX-20,1582
DPNMX  18,1583
AIRVC-18,1584
2VNLMX22,1585
DOM 22,1586
LMXDX22,1587
FMZXX-24,1588
FVM-22,1589
TMTQ-21,1590
TMTQ 21,1591
TMEQ 18,1592
3GVM 17,1593
FVM 22,1594
OPJM 20,1595
XDGDMX 12,1596
QTM 16,1597
LMXDX20,1598
MVCMX20,1599
TMEQ 25,1600
TMXTEV 25,1601
GVM 22,1602
TMXTEV-16,1603
DOM 20,1604
OPMQ 18,1605
GNLMX16,1606
DTM 16,1607
MVCMX-25,1608
QCM 24,1609
TMXTEO 26,1610
XDGDMX 22,1611
SERV.23-14,1612
TMI 19,1613
QCTIR-18,1614
OPJM-18,1615
APL-14,1616
2GVM 20,1617
TMXHUI 05,1618
QTM 05,1619
OPM 24,1620
2DTM 16,1621
AOM 26,1622
APL-25,1623
TMA 23,1624
2TMI-05,1625
FVM-17,1626
TMA 14,1627
FVM-27,1628
APL-27,1629
IPNLZ-28,1630
ILZPN-27,1631
TMXHUI-26,1632
DOMQ 18,1633
2MLRMX-16,1634
ANLMX23,1635
VNLMX22,1636
MVCMX-27,1637
TMI-16,1638
5GVM-17,1639
2MLRMX16,1640
FVM 26,1641
GKCMX-21,1642
2GVM 16,1643
AIRVC  26,1644
DCM 24,1645
TMA 28,1646
IGDMX  25,1647
QTM 27,1648
GKCMXI29,1649
LMXXI21,1650
TMT-28,1651
LMXXI14,1652
TMXTEO 21,1653
LMXXI28,1654
FXXMZ-23,1655
IGDMX  26,1656
QTM 13,1657
LESMX-22,1658
TMXTEO 28,1659
DPNMX 19,1660
2TMI-18,1661
CBPNTL 26,1662
LMXDX29,1663
2MLRMX23,1664
2ILZPN18,1665
MVCMX13,1666
DCM 26,1667
2GVM-19,1668
2ILZPN-22,1669
VNLMX20,1670
TMXHUI 21,1671
2ILZPN22,1672
FXXMZ 10,1673
QTM 18,1674
2GVM 25,1675
APL-28,1676
OPJM-10,1677
FAZXX  25,1678
2GVM 30,1679
3DTM-30,1680
IMZMX 28,1681
GKCMX30,1682
FMZXX  27,1683
3DTM 16,1684
2MLRMX13,1685
2IVM 21,1686
LMXXI26,1687
AOM-21,1688
TMXHUI 28,1689
2AVM 28,1690
GKCMXI21,1691
GNLMX-26,1692
2DTM 30,1693
TMT-29,1694
ILZPN-28,1695
FXXMZ-29,1696
3TMI-24,1697
ILZPN28,1698
OPMQ 29,1699
XRTOMX 23,1700
DVM 24,1701
OPJM-29,1702
FXXMZ 29,1703
XRTOMX 09,1704
QCM 15,1705
AHM 27,1706
XDGDMX 24,1707
2IVM-12,1708
XIGDMX 10,1709
DCM 28,1710
DIRMX 24,1711
MLRMX-12,1712
MVCMX 14,1713
TMTQ-02,1714
GSFMX-15,1715
TIM 02,1716
GNLMX-28,1717
AVM 12,1718
DCM 15,1719
IMIMX-24,1720
QTM-17,1721
OPMQ-28,1722
DPNMX  27,1723
GSFMX  15,1724
IVM-26,1725
MVCMX28,1726
TMXTEO-17,1727
QTM 17,1728
TMXTEV-02,1729
TMXTE  25,1730
AOM-18,1731
AOM 18,1732
2ILZPN26,1733
2IVM 25,1734
BMYBV10,1735
MVCMX-09,1736
DPMQ-02,1737
AHM 17,1738
3GVM 27,1739
GJVMXI05,1740
FMZXX  09,1741
2MLRMX22,1742
AVM-05,1743
FMZXX-04,1744
FVM 12,1745
LESMX-09,1746
AVM 02,1747
GMAMX  26,1748
GVM 17,1749
OPMQ 27,1750
CUJZCX 22,1751
TMXTE  11,1752
2GVM 18,1753
TMT 29,1754
ILZPN-23,1755
TMTQ 11,1756
QCM 23,1757
RTOMX 28,1758
FMZXX  28,1759
AIRVC-10,1760
IMIMX  25,1761
2APL-14,1762
TMT-30,1763
2TMI-24,1764
GKCMXI08,1765
2DCM 06,1766
2MMYMX14,1767
3GVM 28,1768
TMT-25,1769
AVM-24,1770
AHM 01,1771
IVM 29,1772
TMXHUI 15,1773
GJVMXI03,1774
TMA 19,1775
QCM 17,1776
TMEQ 30,1777
LMXDX30,1778
DCM 27,1779
OPM 30,1780
DIRMX 02,1781
FVM 15,1782
IMZMX 30,1783
AIRVC  29,1784
OPMQ 16,1785
BBVTH-12,1786
LESMX-11,1787
OPJM-16,1788
OPJM 16,1789
2ILZPN-02,1790
2GKCMXI27,1791
QTM-25,1792
TMXTEV-08,1793
2ILZPN02,1794
2ILZPN29,1795
FAZXX  29,1796
QTM 25,1797
GKCMXI-16,1798
XDGDMX-25,1799
ILZPN-26,1800
AVM-26,1801
FVM 16,1802
2ILZPN06,1803
TMA 30,1804
MVCMX-20,1805
QCM-18,1806
AOM 17,1807
VSLMX-26,1808
RTOMX-24,1809
TMXTE 16,1810
GNLMX03,1811
OJM 30,1812
OPJM 27,1813
3AVM 28,1814
GSFMX-28,1815
2MLRMX2-14,1816
2LMXXI16,1817
UPNMX-27,1818
FXXMZ-12,1819
AHM-11,1820
LESMX-25,1821
TMEQ-27,1822
LMXDX27,1823
FXXMZ-30,1824
2MLRMX214,1825
XDIRMX 06,1826
MVCMX25,1827
IMZMX 16,1828
FAZXX  31,1829
LMXDX-06,1830
FXXMZ-05,1831
AIRVC-16,1832
RTOMX 15,1833
APL-23,1834
OPJM-06,1835
QCM 27,1836
DCM 02,1837
IMIMX 12,1838
TMXTEV-27,1839
APL-31,1840
DVM 30,1841
IMZMX 26,1842
2IVM 27,1843
AHM 03,1844
QCM-03,1845
2MLRMX06,1846
TMXHUI 26,1847
QCM-28,1848
IMIMX-26,1849
QCM 28,1850
TMXTEV 06,1851
QCM 03,1852
OPMQ 17,1853
LESMX-30,1854
IVM-30,1855
SERV.35-17,1856
2TMI-26,1857
AIRVC 06,1858
2ILZPN05,1859
GJVMXI-23,1860
TMI-11,1861
APL-07,1862
TMT-13,1863
FMZXX-30,1864
MLRMX215,1865
MMYMX-12,1866
XIGDMX 03,1867
TMXTE  17,1868
AVM-31,1869
GKCMXI30,1870
FVM-06,1871
FMZXX  02,1872
LMXXI31,1873
TMI-30,1874
TMT 04,1875
2TMI-17,1876
TMXTEO 31,1877
VNLMX29,1878
VMTMX-30,1879
DPNMX  15,1880
IMZMX  31,1881
AIRVC-31,1882
DPM-09,1883
MVCMX-06,1884
2TMI 31,1885
APL-02,1886
DPMQ 07,1887
TMTQ-27,1888
TMTQ 27,1889
GGDMX  31,1890
TMXHU  31,1891
AIRVC-02,1892
DPM 09,1893
TMA 18,1894
AVM-18,1895
AVM 18,1896
WMA 18,1897
MLRMX-09,1898
QCM 09,1899
VNLMX-09,1900
TEMQ 11,1901
APL-01,1902
LESMX-17,1903
WMCU 27,1904
MVCMX15,1905
DPNMX  07,1906
DVM 02,1907
2ILZPN01,1908
GGDMX  17,1909
2MLRMX-14,1910
MLRMX 29,1911
2IVM-21,1912
2TMI-21,1913
TMA 03,1914
XRTOMX 30,1915
TMEQ 01,1916
2MLRMX14,1917
3GVM 03,1918
GVM-17,1919
GJVMXI23,1920
ILZPN-10,1921
MVCMX18,1922
TMXTE  18,1923
TMXTEV-18,1924
GVM-03,1925
LESMX-02,1926
GNLMX-30,1927
LMXDX17,1928
AHM 16,1929
OPJM-09,1930
TMI-18,1931
OPJM 01,1932
2GVM 27,1933
2ILZPN08,1934
DOM 03,1935
CUPNCX 02,1936
IPNLZ19,1937
TMXTEV 11,1938
RTOMX-17,1939
TMXTEV 01,1940
MVCMX04,1941
TMXTEV-04,1942
IVM2-09,1943
TMI-01,1944
DCM 29,1945
FVM 13,1946
APL-03,1947
2IVM-09,1948
FMZXX-08,1949
TMT 19,1950
FXXMZ 03,1951
RTOMX 17,1952
DOM 11,1953
AOM-19,1954
APL-12,1955
RTOMX  31,1956
VNLMX02,1957
IMIMX-15,1958
GCUMX-30,1959
TMT 22,1960
XRTOMX 20,1961
2MLRMX-30,1962
2IMZMX-01,1963
FXXMZ-01,1964
2IMZMX  01,1965
DPMQ 18,1966
AHM 09,1967
LMXXI-19,1968
APL 04,1969
TMXHUI-03,1970
DCM 11,1971
AVM-01,1972
FVM 21,1973
IMIMX-29,1974
AVM 01,1975
RTOMX 08,1976
OPJM-19,1977
IMZMX-03,1978
2GVM 03,1979
FXXMZ-19,1980
AIRVC  04,1981
2MVCMX-18,1982
LESMX-18,1983
2MVCMX18,1984
IVM-12,1985
TMXTEV 29,1986
OPJM-04,1987
AVM-29,1988
DCM-02,1989
2AVM 18,1990
2IVM-07,1991
2IVM 07,1992
GJVSJI31,1993
DVM 29,1994
AHM 02,1995
QCM-13,1996
TMXTEO-19,1997
DIRMX 01,1998
TMI-04,1999
TMTQ 05,2000
APL-04,2001
DPNMX  31,2002
TMXHUI 19,2003
QCM 13,2004
TMXHU  12,2005
GKCMXI12,2006
OPMQ-20,2007
APL-09,2008
VMTMX30,2009
2MVCMX-01,2010
2DPNMX  31,2011
TMTQ 30,2012
2DTM 02,2013
OPJM-14,2014
GCUMX  17,2015
2GVM 04,2016
2OPJM 12,2017
TMT 20,2018
TMEQ 22,2019
APL-06,2020
AOM 09,2021
CBJZCX-08,2022
OPMQ-10,2023
2VNLMX13,2024
GCUMX  31,2025
CBJZCX-11,2026
MVCMX29,2027
TMA 20,2028
FAZXX-29,2029
XIGDMX 09,2030
TMA 13,2031
GGDMX  21,2032
DPM-15,2033
FMZXX-19,2034
DVM 09,2035
GCUMX  30,2036
LESMX-19,2037
XTMXTEO-10,2038
AHM-01,2039
VMTMX13,2040
GKCMXI27,2041
OOM 04,2042
FMZXX-12,2043
XIGDMX 20,2044
DPMQ 03,2045
TMXHUI-19,2046
DPNMX  10,2047
DVM 03,2048
GCUMX  18,2049
AOM-03,2050
WMCU 04,2051
XTMXTEO04,2052
OPMQ 10,2053
LMXDX-21,2054
2IVM 19,2055
DOM 13,2056
XRTOMX 06,2057
DOM-30,2058
DOM 30,2059
MVCMX21,2060
MLRMX213,2061
TMXTEV-13,2062
DVM 20,2063
IMIMX 30,2064
AIRVC-22,2065
FVM 30,2066
DIRMX 03,2067
2MVCMX08,2068
QCM 20,2069
TMT 14,2070
IMIMX  18,2071
WMCU 21,2072
DTM-21,2073
CBJZCX-29,2074
GVM 24,2075
DCM 01,2076
GMAMX  23,2077
2IVM-25,2078
MLRMX2-18,2079
LESMX-04,2080
CBJZCX 22,2081
XIGDMX 07,2082
2MLRMX18,2083
FMZXX  21,2084
IMIMX-30,2085
FXXMZ 09,2086
2MVCMX-04,2087
DPNMX  03,2088
IORLZ21,2089
GJVSJI17,2090
IMZMX-05,2091
TMI 25,2092
IVM-23,2093
DCM-21,2094
2GKCMXI26,2095
IMIMX  31,2096
2MLRMX28,2097
TMT-06,2098
IMZMX 23,2099
FVM 23,2100
AOM 23,2101
AIRMX-05,2102
AIRVC-23,2103
QCM 22,2104
GKCMXI18,2105
MVCMX22,2106
QCM-22,2107
QCM 02,2108
GKCMXI-18,2109
DTM-25,2110
2MMYMX23,2111
DOM 10,2112
OPJM-26,2113
DVM 22,2114
XDGDMX 05,2115
OMPQ-23,2116
2TMI 05,2117
FVM-01,2118
OMXHU 03,2119
LMXDX-23,2120
GVM-23,2121
MVCMX-23,2122
AVM-10,2123
GMAMX  09,2124
2AVM 05,2125
DCM 23,2126
WMCU 23,2127
UROLH-05,2128
DPNMX  01,2129
GCUMX  22,2130
TMI-23,2131
DOM-23,2132
DPNMX  21,2133
FVM 06,2134
2GVM-30,2135
XIGDMX 26,2136
GKCMXI11,2137
QCM-30,2138
QCM 30,2139
FVM 24,2140
AIRMX  15,2141
MLRMX225,2142
TMEQ 27,2143
IMV-03,2144
GMAMX  06,2145
TMT-16,2146
FAZXX-14,2147
GKCMXI17,2148
TIM 01,2149
FVM 09,2150
DPNMX-21,2151
XIGDMX-03,2152
OPM 11,2153
TMT-27,2154
2MMYMX29,2155
SER.CUAD24,2156
FXXMX 27,2157
MMXXA24,2158
TMT 25,2159
XRTOMX 05,2160
2DPNMX-01,2161
2ILZPN25,2162
TMXTEV 27,2163
OPJM 04,2164
QCM-23,2165
MLRMX2-17,2166
GCUMX  29,2167
OPJM 05,2168
DPNMX  25,2169
TMT 07,2170
MMXMY-07,2171
OPMQ-07,2172
MLRMX217,2173
TMXTE0 24,2174
ZIM-28,2175
GCUMX  09,2176
FAZXX-05,2177
DTM 04,2178
MLRMX2-05,2179
MLRMX205,2180
XDGDMX 07,2181
2GVM-21,2182
2MVCMX-27,2183
FMZXX-27,2184
QCM 06,2185
MLRMX-25,2186
TMXHUI 04,2187
2ILZPN03,2188
2MLRMX03,2189
VNLMX04,2190
FXXMZ-28,2191
MLRMX224,2192
IPNDX-24,2193
FAZXX-24,2194
IPNDX24,2195
XIGDMX 15,2196
XTMXHU 15,2197
2GKCMXI-05,2198
GGDMX  24,2199
XIGDMX 16,2200
CBJZCX-02,2201
TMXTEV-07,2202
VNLMX-11,2203
TMI-07,2204
FXXMZ-15,2205
OPM-05,2206
QCM-04,2207
FXXMZ-16,2208
QCM 04,2209
3ILZPN27,2210
MVCPN-11,2211
FVM 05,2212
RTOMX 14,2213
2MMYMX27,2214
SERV.39-05,2215
TMTQ 08,2216
GCBMX28,2217
LESMX-28,2218
TMA 06,2219
GNLMX-02,2220
IMZMX 18,2221
AHM-16,2222
LMXXI 08,2223
OPM 29,2224
AVM-06,2225
DTM 05,2226
QCTIR-05,2227
DPM 06,2228
TMXHUI16,2229
DVM 11,2230
TMT 28,2231
MVCMX27,2232
2MLRMX-03,2233
XRTOMX 15,2234
IVM-29,2235
2MVCMX-03,2236
2MVCMX03,2237
APL-30,2238
GSFMX  06,2239
IMZMX-30,2240
TMXHUI 18,2241
LMXES26,2242
FMZXX  25,2243
MMYMX-25,2244
AVM-17,2245
QCM 29,2246
QCM-07,2247
XRTOMX 29,2248
3TMI-17,2249
LESMX-26,2250
PRUEBA 07,2251
2MLRMX04,2252
IVCPN16,2253
DPM 17,2254
IMZMX-27,2255
OMP 26,2256
2GVM 28,2257
FMZXX-07,2258
2MMYMX-24,2259
TMT-31,2260
LESMX-29,2261
QCM 07,2262
GJVMXI08,2263
FVM 08,2264
GCUMX  10,2265
TPJM 08,2266
TMEQ 17,2267
DVM-28,2268
OPM 31,2269
TMXTEV 17,2270
QCM 16,2271
TIM 31,2272
IMIMX 07,2273
OPMQ 19,2274
2MMYMX24,2275
FMZXX-17,2276
DPNMX  17,2277
SAPLH-08,2278
VNLMX-24,2279
TMXTEO-26,2280
TMI-17,2281
FMZXX  30,2282
CBJZCX 13,2283
GKCMXI26,2284
MLRMX226,2285
SERV 39 06,2286
GVM 26,2287
TMTQ-18,2288
FMZXX  16,2289
VNLMX16,2290
AIRMX  08,2291
LMXXI-01,2292
MLRMX227,2293
FXXMZ 27,2294
SZCLH-31,2295
IMZMX-17,2296
GNLMX24,2297
GJVSJI21,2298
XTMXTEO-07,2299
DCM-18,2300
2MVCMX-17,2301
VNLMX-06,2302
OPM 01,2303
TMTQ-30,2304
QCM 10,2305
APL-18,2306
LMXXI-18,2307
DPM-18,2308
DVM 28,2309
TMA 27,2310
QCM 18,2311
IMIMX 28,2312
XIGDMX 01,2313
QCM-17,2314
DPNMX  16,2315
XDIRMX 08,2316
IMZMX-01,2317
2MVCMX-07,2318
MLRMX-03,2319
2MVCMX07,2320
DOM-18,2321
IORLR-09,2322
FVM 18,2323
OPJM-02,2324
AVM-27,2325
TMXTE  30,2326
3MVCMX-27,2327
ILZPN-08,2328
TMXTEO-022,2329
VNLMX25,2330
VSLMX-02,2331
QCM-19,2332
APL-10,2333
CBJZTL 30,2334
GSFMX  16,2335
VNLMX-07,2336
OPM 10,2337
DCM 07,2338
RTOMX-16,2339
DIRMX 09,2340
GKCMXI-05,2341
2MLRMX07,2342
TMXTE0 10,2343
DPM 10,2344
GNLMX-09,2345
AJZMX-30,2346
IVCPN-31,2347
TMIQ 19,2348
IVCPN31,2349
TMTQ-20,2350
2TMI 10,2351
MLRMX206,2352
TMXTEV-03,2353
OOM 03,2354
DTM-27,2355
2MMYMX11,2356
TMT-10,2357
TMT 11,2358
XDGDMX 26,2359
FMZXX  26,2360
2IVM-13,2361
ILZPN09,2362
OPJM 19,2363
TIM 03,2364
AIRMX  20,2365
SERV.38-14,2366
MLRMX2-09,2367
MVCMX10,2368
2IVM 13,2369
OPMQ 11,2370
AIRVC  13,2371
FXXMZ 19,2372
XIGDMX 12,2373
AOM 11,2374
MLRMX209,2375
FAZXX-12,2376
QCM-02,2377
TMXHUI 31,2378
DOM 19,2379
MLRMX208,2380
3GVM 09,2381
TMT 12,2382
MVCMX-10,2383
2MLRMX2-21,2384
2MLRMX221,2385
3GKCMXI-21,2386
2MMYMX01,2387
IMZMX-09,2388
2IMZMX  03,2389
WIBSMX-10,2390
GMAMX  03,2391
CBTOCX-28,2392
QCM-31,2393
QCM 31,2394
QCM 19,2395
TMT 08,2396
SERV.27-06,2397
2TMI-13,2398
GVMQ 19,2399
XRTOMX 18,2400
MVCMX-05,2401
CBPNCX 10,2402
GVM-31,2403
IMZMX-19,2404
MMYMX-18,2405
TMEQ 05,2406
WUMXHU 10,2407
FMZXX  20,2408
ILZPN-19,2409
2ILZPN-20,2410
DCM 19,2411
2ILZPN20,2412
MVCMX-21,2413
GCUMX  28,2414
2ILZPN-19,2415
2ILZPN19,2416
XDGDMX 19,2417
QCM-12,2418
LMXXI-06,2419
GCUMX  03,2420
2IVM-14,2421
QCTIR-20,2422
GVM 20,2423
2MVCMX-05,2424
OPJM 06,2425
MLRMX228,2426
WAMXHU 05,2427
TMXTEO-30,2428
AIRVC 10,2429
FXXMZ 23,2430
TMEQ 20,2431
TMT-23,2432
2ILZPN-30,2433
DTM-01,2434
SERV 23 11,2435
TMXHUE- 10,2436
2TMI 22,2437
2TMI 21,2438
2IVM 14,2439
2IMZMX  07,2440
GCUMX  06,2441
AHM 11,2442
XDGDMX 10,2443
QCM 01,2444
MLRMX219,2445
OPJM-20,2446
TMXHU  06,2447
QCM 12,2448
TMXTE  02,2449
SPERRY143,2450
TMXHUI 02,2451
XRTOMX 12,2452
MLRMX230,2453
GNLMX-18,2454
OPM 28,2455
2IMZMX-06,2456
TMTQ-22,2457
DIRMX 27,2458
FVM 20,2459
MLRMX202,2460
2GVM 06,2461
TMXHUI 14,2462
OOM 22,2463
2IMZMX  06,2464
XRTOMX 01,2465
GKCMX-19,2466
2ILZPN04,2467
DPNMX  05,2468
2MMYMX-13,2469
DJM 23,2470
TMXTE  22,2471
CBPNTL 21,2472
XDGDMX 23,2473
CBTOCX 21,2474
GSFMX  31,2475
DVM 08,2476
3ILZPN05,2477
TMA 25,2478
IMV 07,2479
MLRMX218,2480
IMZMX 06,2481
TIM-22,2482
DJM 25,2483
2MLRMX203,2484
GMAMX  19,2485
MMYMX-15,2486
IMZMX-16,2487
FAZXX  06,2488
ILZPN-06,2489
XDGDMX-06,2490
OPMQ-17,2491
LMXXI-08,2492
DOM 17,2493
DCM 21,2494
2IMZMX  24,2495
FAZXX  24,2496
TMXTEO 25,2497
XTMXTEO 07,2498
MVCMX24,2499
FVM-20,2500
DCM-22,2501
MMOMX24,2502
XDIRMX-20,2503
LESMX-20,2504
XDIRMX 20,2505
TMXHUI-08,2506
2IVM 05,2507
DCM 05,2508
2DTM-03,2509
TMXTE  14,2510
VNLMX12,2511
FVM-08,2512
2ILZPN-10,2513
GVM 21,2514
AVM-16,2515
MLRMX-04,2516
MVCMX-17,2517
DTM-28,2518
2ILZPN16,2519
MVCMX14,2520
XDIRMX-29,2521
XDIRMX 29,2522
OPM 08,2523
AROMX-25,2524
2LMXXI04,2525
AVM-19,2526
2LMXXI18,2527
FXXMZ 18,2528
2ILZPN27,2529
VSLMX19,2530
GGDMX  15,2531
FMZXX-29,2532
TMTQ 16,2533
WUMXHU 15,2534
FMZXX-14,2535
XDIRMX-05,2536
2TMI 30,2537
2IVM-26,2538
XDIRMX 05,2539
XDGDMX 18,2540
IMZMX- 07,2541
XRTOMX 17,2542
GKCMXI-24,2543
GCUMX  20,2544
2GVM 08,2545
VMTMX-07,2546
2IVM 26,2547
DTM-30,2548
TMXTEO-22,2549
2IVM 23,2550
2MLRMX-02,2551
DTM 30,2552
2GCUMX  06,2553
2TMT 06,2554
TMXHUI10,2555
2MLRMX216,2556
XDGDMX 17,2557
2IMZMX-30,2558
TMT 18,2559
2IMZMX  30,2560
FMZXX  18,2561
2ILZPN-05,2562
ILZPN-17,2563
TMT 31,2564
AIRVC  23,2565
2DTM 26,2566
TIM 26,2567
GKCMXI04,2568
TMXTEV-31,2569
OOM 18,2570
TIM-26,2571
MLRMX229,2572
2IVM-23,2573
2TMT 08,2574
2DOM 20,2575
IMZMX-31,2576
DPNMX  20,2577
WUHUMX 08,2578
XDGDMX-08,2579
2MLRMX-18,2580
RTOMX 30,2581
OJM-16,2582
XDGDMX 08,2583
XDGDMX 11,2584
TMXTEO 16,2585
IMIMX 22,2586
OPM 09,2587
RTOMX 09,2588
FXXMY-08,2589
MLRMX2-30,2590
OJM 16,2591
1MYMX-10,2592
GNLMX12,2593
GKCMXI-26,2594
GJVMX21,2595
LMXXI-09,2596
MVCMX19,2597
2MVCMX-08,2598
2ILZPN-08,2599
2ILZPN-26,2600
DPM 24,2601
DJM 27,2602
XRTOMX 22,2603
TMTQ-10,2604
XDGDMX 09,2605
2MMYMX31,2606
GJVMXI28,2607
APL-11,2608
FMZXX  10,2609
TMXHUI 09,2610
OOM 27,2611
DPMQ 12,2612
GTPMX  19,2613
IMZMX 01,2614
TMT-24,2615
2MMYMX-10,2616
OPJM 23,2617
MLRMX212,2618
FAZXX 01,2619
2MMYMX10,2620
GKCMXI02,2621
IVMQ-21,2622
IVMQ 21,2623
MVCMX17,2624
VNLMX-10,2625
TMI-02,2626
TMXTEO-21,2627
VNLMX24,2628
FMZXX  22,2629
IMZMX 24,2630
TMXHUI-24,2631
MMYMX 23,2632
2MMYMX20,2633
IMIMX 23,2634
MLRMX222,2635
DRTBMX-27,2636
2QCM 23,2637
MLRMX220,2638
TIM-12,2639
3MLRMX06,2640
AIRMX  12,2641
XDJZMX-31,2642
DPNMX  24,2643
TMXTEV 22,2644
IMZMX 02,2645
GJVMXI-16,2646
VNLMX11,2647
GJVMXI-11,2648
GJVMXI16,2649
TIM-10,2650
2ILZPN23,2651
TMT 23,2652
TMT-04,2653
2IVM-03,2654
2IVM 03,2655
2IMZMX-17,2656
OOMQ-18,2657
2ILZPN11,2658
LESMX-12,2659
2IMZMX  17,2660
2ILZPN-11,2661
AOM-04,2662
TMXTE  28,2663
FAZXX-22,2664
2FMZXX  08,2665
TMXTEO-23,2666
DTM 28,2667
RG-15,2668
DTM-04,2669
VNLMX06,2670
2VNLMX24,2671
AOM-25,2672
3MMYMX22,2673
AOM 25,2674
FXXMY-05,2675
AVM-23,2676
DOM 26,2677
MLRMX201,2678
MLRMX221,2679
VNLMX-12,2680
RG 15,2681
RTOMX-09,2682
GJVSJI-26,2683
2IMZMX-25,2684
2IMZMX  25,2685
DCM 03,2686
2GVM-28,2687
TMT 17,2688
GMAMX  14,2689
QCM-24,2690
2LMXXI13,2691
2IVM-05,2692
LMXXI-11,2693
FAZXX-25,2694
2IMZMX-04,2695
2MMYMX-03,2696
2MMYMX03,2697
IVMQ-29,2698
IVMQ 29,2699
OJM 29,2700
2IMZMX  04,2701
2AVM 14,2702
2MLRMX-23,2703
2MVCMX-23,2704
2MLRMX222,2705
DIRMX 05,2706
OPM 18,2707
DTM-23,2708
2TMI-14,2709
XRTOMX 10,2710
2TMI 14,2711
2TMI-29,2712
DIRMX 11,2713
IMZMX-11,2714
GJVMXI-30,2715
GCBSJI29,2716
XTMXHUI26,2717
BSLBV26,2718
MLRMX-24,2719
RTOMX 25,2720
3MVCMX03,2721
FXXMZ-24,2722
2MLRMX-22,2723
2ILZPN09,2724
2ILZPN13,2725
2ILZPN-13,2726
TMT 24,2727
MLRMX2-21,2728
AJZMX-23,2729
TMXTE  12,2730
LMXDX-27,2731
GMAMX  17,2732
3GVM 06,2733
GNLMX20,2734
XIGDMX 25,2735
MLRMX2-26,2736
OJM-12,2737
2GVM 14,2738
TIM-07,2739
TMEQ-07,2740
FMZXX  11,2741
CUPNCX 09,2742
QCM-29,2743
OPJM-15,2744
2GVM 12,2745
MLRMX223,2746
XRTOMX 25,2747
DCM-29,2748
QTM 15,2749
GKCMXI14,2750
1LZPN30,2751
TMXHUI06,2752
DOM 08,2753
TMXTEO15,2754
GNLMX-06,2755
AIRVC  15,2756
3GVM 30,2757
FAZXX   10,2758
MLRMX-07,2759
GMAMX  11,2760
2DCM 29,2761
FMZXX  14,2762
2ILZPN30,2763
VNLMX14,2764
IVMQ-13,2765
LMXXI-13,2766
IVMQ 13,2767
DIRMX 18,2768
DVM 19,2769
QTM-13,2770
2MMYMX13,2771
WMCU 24,2772
3GVM 04,2773
TIM-09,2774
XTMXTE 08,2775
MPNNL-05,2776
XTMXTEO 08,2777
MMYMX-26,2778
BBVTH27,2779
TIM 08,2780
CAIRVC-06,2781
DTM-26,2782
DIRMX 15,2783
2LMXXI06,2784
2MMYMX04,2785
XRTOMX 07,2786
2TMI-27,2787
DVM 13,2788
XIMIMX 04,2789
TMXTEV  01,2790
FMZXX  06,2791
FVM-11,2792
DJM 09,2793
2TMI 26,2794
WANPMX 27,2795
IMZMX 27,2796
3GVM 08,2797
XDIRMX  01,2798
2MMYMX15,2799
XDGDMX 27,2800
DIRMX 13,2801
CBJZTL 26,2802
GKCMX10,2803
GNLMX29,2804
TMXHU  08,2805
XDIRMX-01,2806
AIRMX-15,2807
MVCPN11,2808
OPMQ-25,2809
OPM 02,2810
MLRMX 15,2811
2AVM 16,2812
GVM 27,2813
IMZMX 11,2814
AVM-13,2815
FXXMY-28,2816
GVMQ 09,2817
LESMX-27,2818
3GVM 01,2819
2TMI-02,2820
TMXTEO-088,2821
2MVCMX01,2822
2MLRMX207,2823
BBVTH28,2824
MLRMX2-25,2825
TIM 17,2826
VNLMX30,2827
AOM-28,2828
XTMXTEO 10,2829
IMZMX-08,2830
DPNMX 26,2831
VNLMX-05,2832
TMXHUI  02,2833
AOM 28,2834
TMT 03,2835
2IMZMX-26,2836
OPMQ-16,2837
TMI 6,2838
MLRMX2-04,2839
2IMZMX  26,2840
GKCSJI-15,2841
3GVM 16,2842
VNLMX26,2843
VNLMX27,2844
TIM 10,2845
MLRMX204,2846
XIGDMX 08,2847
LMXXI-10,2848
OJM 20,2849
TMA 21,2850
DCM-15,2851
2MMYMX16,2852
2TMI-15,2853
TMXTEO-10,2854
DPM 18,2855
FAZXX-02,2856
TMXTEV-29,2857
TMXTE 29,2858
GKCMX-08,2859
FAZXX-08,2860
2MVCMX-16,2861
2MVCMX16,2862
CUJZTL 21,2863
DTM-24,2864
DTM 14,2865
QCM 14,2866
DPNMX  22,2867
XRTOMX 19,2868
DPNMX  13,2869
2MMYMX26,2870
TMEQ-21,2871
CBJZCX 14,2872
FXXMZ-17,2873
GNLMX11,2874
GVM-27,2875
DTM-17,2876
2MMYMX-22,2877
GKCMXI-11,2878
DVM 27,2879
TMXTEV-17,2880
VNLMX01,2881
LESMX 18,2882
2GVM 17,2883
GMTMX12,2884
CBJZCX-23,2885
OPM-12,2886
DOM 04,2887
TMXHUI-16,2888
FXXMY-10,2889
2IMZMX-15,2890
TMXTE  16,2891
VNLMX19,2892
LMXXI 16,2893
2IMZMX  15,2894
2IVM 16,2895
3TMI-16,2896
LMXXI-04,2897
2IVM-04,2898
MVCMX-03,2899
DPNMX-01,2900
DVM 10,2901
TMTQ 19,2902
2TMI-10,2903
2DVM 10,2904
TMXTEV-10,2905
CBPNTL 23,2906
SPERRY-10,2907
TMXHU  16,2908
GGDMX  12,2909
3MMYMX17,2910
AIRMX  17,2911
FMZXX-11,2912
DPNMX  08,2913
2IVM 04,2914
FAZXX-27,2915
2MMYMX-28,2916
WMCU 28,2917
DTM-19,2918
RTOMX 02,2919
LESMX-13,2920
2MLRMX217,2921
TMTQ 13,2922
FAZXX-18,2923
DPMQ 13,2924
FMZXX 19,2925
2IVM-29,2926
2IMZMX  10,2927
2IVM 29,2928
DTM-29,2929
LMXXI-20,2930
TMEQ  05,2931
GCUMX  01,2932
2IMZMX-19,2933
2IMZMX  19,2934
AOM-11,2935
2MVCMX-10,2936
VMTMX-09,2937
3TMI-20,2938
LMXXI 27,2939
GCBMX18,2940
CBJZCX 26,2941
CUPNCX 08,2942
TMXTEO-27,2943
MLRMX207,2944
3ILZPN26,2945
OPJM 29,2946
2MVCMX10,2947
GJVMXI11,2948
XIGDMX 28,2949
XDGDMX 20,2950
FXXMY 21,2951
XRTOMX 26,2952
TMXTEO-20,2953
2GVM 13,2954
DCM-20,2955
FMZXX-20,2956
DTM-20,2957
2MLRMX218,2958
TMEQ  30,2959
TMXTEV-28,2960
2IMZMX-20,2961
2IMZMX  20,2962
IMZMX-13,2963
TMT 21,2964
GKCMX27,2965
2LMXXI29,2966
2MLRMX2-06,2967
2GKCMXI 20,2968
XDIRMX 21,2969
2LMXXI11,2970
OPM 14,2971
QPIR-28,2972
AEI-TFVM,2973
2GKCMXI-04,2974
TMXTEV-30,2975
2LMXXI20,2976
DPM 30,2977
OPJM 21,2978
XDCEMX 29,2979
AOM 01,2980
2ILZPN28,2981
2GVM 21,2982
TMT 01,2983
2ILZPN-28,2984
2TMT 29,2985
AVM 29,2986
DPMQ 29,2987
2GNLMX-11,2988
LMXXI-22,2989
GNLMX-07,2990
IMZMX 29,2991
2IVM 22,2992
MMYMX-30,2993
2ILZPN-21,2994
WMCU 22,2995
CBPNTL 20,2996
3ILZPN28,2997
MLRMX 28,2998
2ILZPN21,2999
VNLMX-21,3000
VNLMX21,3001
QTM-22,3002
TMXHU  22,3003
BMDBV22,3004
TMI  22,3005
QTM 22,3006
2OPMQ-13,3007
TMI O1,3008
2ILZPN-14,3009
FXXMY-22,3010
2DTM 29,3011
FMZXX  29,3012
2TMI 13,3013
TMXHUI-13,3014
ATOMX-30,3015
2QCTIR 29,3016
AIRVC-01,3017
AIRVC  01,3018
SERV.23-29,3019
IMXMZ-30,3020
MLRMX211,3021
TMTQ-14,3022
DPM 22,3023
AOM 14,3024
GJVSJI01,3025
OPJM 14,3026
FMZXX 13,3027
MLRMX210,3028
2DTM 22,3029
DIRMX 22,3030
2MLRMX29,3031
GKCMXI23,3032
2AVM-22,3033
2MLRMX2-01,3034
2AVM 22,3035
GVM-02,3036
GKCMXI16,3037
GCBSJI24,3038
2MVCMX30,3039
2MLRMX-28,3040
GNLMX-01,3041
AOM-24,3042
TMXTE  23,3043
AOM 24,3044
CBPNTL 12,3045
AOM-16,3046
AOM 16,3047
FMZXX-03,3048
MLRMX203,3049
GJVSJI28,3050
ILZPN2-16,3051
ILZPN216,3052
TPJM-18,3053
